# # Omega RhoOverOmega_mean RhoOverOmega_error RhoOverOmega_sample_0
0.000000000000000000e+00 9.012199938297271729e-03 0.000000000000000000e+00 9.012199938297271729e-03
2.002002002002001985e-02 8.901122957468032837e-03 0.000000000000000000e+00 8.901122957468032837e-03
4.004004004004003969e-02 8.638819679617881775e-03 0.000000000000000000e+00 8.638819679617881775e-03
6.006006006006005954e-02 8.287737146019935608e-03 0.000000000000000000e+00 8.287737146019935608e-03
8.008008008008007939e-02 7.900534197688102722e-03 0.000000000000000000e+00 7.900534197688102722e-03
1.001001001001000923e-01 7.504058070480823517e-03 0.000000000000000000e+00 7.504058070480823517e-03
1.201201201201201191e-01 7.106875069439411163e-03 0.000000000000000000e+00 7.106875069439411163e-03
1.401401401401401459e-01 6.694592069834470749e-03 0.000000000000000000e+00 6.694592069834470749e-03
1.601601601601601588e-01 6.347317714244127274e-03 0.000000000000000000e+00 6.347317714244127274e-03
1.801801801801801717e-01 6.073506549000740051e-03 0.000000000000000000e+00 6.073506549000740051e-03
2.002002002002001846e-01 5.908604245632886887e-03 0.000000000000000000e+00 5.908604245632886887e-03
2.202202202202202252e-01 5.809078924357891083e-03 0.000000000000000000e+00 5.809078924357891083e-03
2.402402402402402382e-01 5.803161300718784332e-03 0.000000000000000000e+00 5.803161300718784332e-03
2.602602602602602788e-01 5.872890818864107132e-03 0.000000000000000000e+00 5.872890818864107132e-03
2.802802802802802917e-01 6.046873982995748520e-03 0.000000000000000000e+00 6.046873982995748520e-03
3.003003003003003046e-01 6.338761653751134872e-03 0.000000000000000000e+00 6.338761653751134872e-03
3.203203203203203175e-01 6.792072206735610962e-03 0.000000000000000000e+00 6.792072206735610962e-03
3.403403403403403304e-01 7.429990917444229126e-03 0.000000000000000000e+00 7.429990917444229126e-03
3.603603603603603434e-01 8.261634968221187592e-03 0.000000000000000000e+00 8.261634968221187592e-03
3.803803803803803563e-01 9.298196062445640564e-03 0.000000000000000000e+00 9.298196062445640564e-03
4.004004004004003692e-01 1.055992115288972855e-02 0.000000000000000000e+00 1.055992115288972855e-02
4.204204204204204376e-01 1.205282658338546753e-02 0.000000000000000000e+00 1.205282658338546753e-02
4.404404404404404505e-01 1.378111727535724640e-02 0.000000000000000000e+00 1.378111727535724640e-02
4.604604604604604634e-01 1.570012234151363373e-02 0.000000000000000000e+00 1.570012234151363373e-02
4.804804804804804763e-01 1.774498634040355682e-02 0.000000000000000000e+00 1.774498634040355682e-02
5.005005005005005447e-01 1.986091583967208862e-02 0.000000000000000000e+00 1.986091583967208862e-02
5.205205205205205576e-01 2.201090008020401001e-02 0.000000000000000000e+00 2.201090008020401001e-02
5.405405405405405705e-01 2.414645999670028687e-02 0.000000000000000000e+00 2.414645999670028687e-02
5.605605605605605835e-01 2.622394636273384094e-02 0.000000000000000000e+00 2.622394636273384094e-02
5.805805805805805964e-01 2.820116281509399414e-02 0.000000000000000000e+00 2.820116281509399414e-02
6.006006006006006093e-01 3.004314005374908447e-02 0.000000000000000000e+00 3.004314005374908447e-02
6.206206206206206222e-01 3.173181414604187012e-02 0.000000000000000000e+00 3.173181414604187012e-02
6.406406406406406351e-01 3.323918208479881287e-02 0.000000000000000000e+00 3.323918208479881287e-02
6.606606606606606480e-01 3.455566614866256714e-02 0.000000000000000000e+00 3.455566614866256714e-02
6.806806806806806609e-01 3.567326068878173828e-02 0.000000000000000000e+00 3.567326068878173828e-02
7.007007007007006738e-01 3.658367320895195007e-02 0.000000000000000000e+00 3.658367320895195007e-02
7.207207207207206867e-01 3.728215396404266357e-02 0.000000000000000000e+00 3.728215396404266357e-02
7.407407407407406996e-01 3.778478130698204041e-02 0.000000000000000000e+00 3.778478130698204041e-02
7.607607607607607125e-01 3.810161352157592773e-02 0.000000000000000000e+00 3.810161352157592773e-02
7.807807807807807254e-01 3.825215622782707214e-02 0.000000000000000000e+00 3.825215622782707214e-02
8.008008008008007383e-01 3.824847191572189331e-02 0.000000000000000000e+00 3.824847191572189331e-02
8.208208208208208623e-01 3.811364993453025818e-02 0.000000000000000000e+00 3.811364993453025818e-02
8.408408408408408752e-01 3.786433488130569458e-02 0.000000000000000000e+00 3.786433488130569458e-02
8.608608608608608881e-01 3.751921281218528748e-02 0.000000000000000000e+00 3.751921281218528748e-02
8.808808808808809010e-01 3.710756823420524597e-02 0.000000000000000000e+00 3.710756823420524597e-02
9.009009009009009139e-01 3.665889054536819458e-02 0.000000000000000000e+00 3.665889054536819458e-02
9.209209209209209268e-01 3.619333356618881226e-02 0.000000000000000000e+00 3.619333356618881226e-02
9.409409409409409397e-01 3.573986142873764038e-02 0.000000000000000000e+00 3.573986142873764038e-02
9.609609609609609526e-01 3.532430902123451233e-02 0.000000000000000000e+00 3.532430902123451233e-02
9.809809809809809655e-01 3.496729210019111633e-02 0.000000000000000000e+00 3.496729210019111633e-02
1.001001001001001089e+00 3.468749672174453735e-02 0.000000000000000000e+00 3.468749672174453735e-02
1.021021021021021102e+00 3.450988233089447021e-02 0.000000000000000000e+00 3.450988233089447021e-02
1.041041041041041115e+00 3.445197641849517822e-02 0.000000000000000000e+00 3.445197641849517822e-02
1.061061061061061128e+00 3.453509137034416199e-02 0.000000000000000000e+00 3.453509137034416199e-02
1.081081081081081141e+00 3.477368876338005066e-02 0.000000000000000000e+00 3.477368876338005066e-02
1.101101101101101154e+00 3.517777100205421448e-02 0.000000000000000000e+00 3.517777100205421448e-02
1.121121121121121167e+00 3.576457872986793518e-02 0.000000000000000000e+00 3.576457872986793518e-02
1.141141141141141180e+00 3.653576970100402832e-02 0.000000000000000000e+00 3.653576970100402832e-02
1.161161161161161193e+00 3.750464320182800293e-02 0.000000000000000000e+00 3.750464320182800293e-02
1.181181181181181206e+00 3.868069499731063843e-02 0.000000000000000000e+00 3.868069499731063843e-02
1.201201201201201219e+00 4.006884619593620300e-02 0.000000000000000000e+00 4.006884619593620300e-02
1.221221221221221231e+00 4.167056456208229065e-02 0.000000000000000000e+00 4.167056456208229065e-02
1.241241241241241244e+00 4.348954185843467712e-02 0.000000000000000000e+00 4.348954185843467712e-02
1.261261261261261257e+00 4.552304744720458984e-02 0.000000000000000000e+00 4.552304744720458984e-02
1.281281281281281270e+00 4.776982218027114868e-02 0.000000000000000000e+00 4.776982218027114868e-02
1.301301301301301283e+00 5.022142827510833740e-02 0.000000000000000000e+00 5.022142827510833740e-02
1.321321321321321296e+00 5.287308245897293091e-02 0.000000000000000000e+00 5.287308245897293091e-02
1.341341341341341309e+00 5.571723356842994690e-02 0.000000000000000000e+00 5.571723356842994690e-02
1.361361361361361322e+00 5.874553322792053223e-02 0.000000000000000000e+00 5.874553322792053223e-02
1.381381381381381335e+00 6.194940209388732910e-02 0.000000000000000000e+00 6.194940209388732910e-02
1.401401401401401348e+00 6.531424820423126221e-02 0.000000000000000000e+00 6.531424820423126221e-02
1.421421421421421361e+00 6.882365792989730835e-02 0.000000000000000000e+00 6.882365792989730835e-02
1.441441441441441373e+00 7.246675342321395874e-02 0.000000000000000000e+00 7.246675342321395874e-02
1.461461461461461386e+00 7.622890919446945190e-02 0.000000000000000000e+00 7.622890919446945190e-02
1.481481481481481399e+00 8.009657263755798340e-02 0.000000000000000000e+00 8.009657263755798340e-02
1.501501501501501412e+00 8.405807614326477051e-02 0.000000000000000000e+00 8.405807614326477051e-02
1.521521521521521425e+00 8.809241652488708496e-02 0.000000000000000000e+00 8.809241652488708496e-02
1.541541541541541438e+00 9.218661487102508545e-02 0.000000000000000000e+00 9.218661487102508545e-02
1.561561561561561451e+00 9.632925689220428467e-02 0.000000000000000000e+00 9.632925689220428467e-02
1.581581581581581464e+00 1.005016192793846130e-01 0.000000000000000000e+00 1.005016192793846130e-01
1.601601601601601477e+00 1.046883836388587952e-01 0.000000000000000000e+00 1.046883836388587952e-01
1.621621621621621712e+00 1.088701933622360229e-01 0.000000000000000000e+00 1.088701933622360229e-01
1.641641641641641725e+00 1.130324006080627441e-01 0.000000000000000000e+00 1.130324006080627441e-01
1.661661661661661737e+00 1.171583905816078186e-01 0.000000000000000000e+00 1.171583905816078186e-01
1.681681681681681750e+00 1.212364733219146729e-01 0.000000000000000000e+00 1.212364733219146729e-01
1.701701701701701763e+00 1.252496093511581421e-01 0.000000000000000000e+00 1.252496093511581421e-01
1.721721721721721776e+00 1.291849166154861450e-01 0.000000000000000000e+00 1.291849166154861450e-01
1.741741741741741789e+00 1.330295801162719727e-01 0.000000000000000000e+00 1.330295801162719727e-01
1.761761761761761802e+00 1.367707699537277222e-01 0.000000000000000000e+00 1.367707699537277222e-01
1.781781781781781815e+00 1.403945833444595337e-01 0.000000000000000000e+00 1.403945833444595337e-01
1.801801801801801828e+00 1.438924670219421387e-01 0.000000000000000000e+00 1.438924670219421387e-01
1.821821821821821841e+00 1.472546160221099854e-01 0.000000000000000000e+00 1.472546160221099854e-01
1.841841841841841854e+00 1.504715383052825928e-01 0.000000000000000000e+00 1.504715383052825928e-01
1.861861861861861867e+00 1.535337269306182861e-01 0.000000000000000000e+00 1.535337269306182861e-01
1.881881881881881879e+00 1.564281731843948364e-01 0.000000000000000000e+00 1.564281731843948364e-01
1.901901901901901892e+00 1.591494977474212646e-01 0.000000000000000000e+00 1.591494977474212646e-01
1.921921921921921905e+00 1.616904586553573608e-01 0.000000000000000000e+00 1.616904586553573608e-01
1.941941941941941918e+00 1.640450209379196167e-01 0.000000000000000000e+00 1.640450209379196167e-01
1.961961961961961931e+00 1.662079691886901855e-01 0.000000000000000000e+00 1.662079691886901855e-01
1.981981981981981944e+00 1.681735962629318237e-01 0.000000000000000000e+00 1.681735962629318237e-01
2.002002002002002179e+00 1.699356883764266968e-01 0.000000000000000000e+00 1.699356883764266968e-01
2.022022022022022192e+00 1.714908927679061890e-01 0.000000000000000000e+00 1.714908927679061890e-01
2.042042042042042205e+00 1.728349626064300537e-01 0.000000000000000000e+00 1.728349626064300537e-01
2.062062062062062218e+00 1.739673316478729248e-01 0.000000000000000000e+00 1.739673316478729248e-01
2.082082082082082231e+00 1.748873740434646606e-01 0.000000000000000000e+00 1.748873740434646606e-01
2.102102102102102243e+00 1.755943894386291504e-01 0.000000000000000000e+00 1.755943894386291504e-01
2.122122122122122256e+00 1.760861277580261230e-01 0.000000000000000000e+00 1.760861277580261230e-01
2.142142142142142269e+00 1.763596087694168091e-01 0.000000000000000000e+00 1.763596087694168091e-01
2.162162162162162282e+00 1.764183789491653442e-01 0.000000000000000000e+00 1.764183789491653442e-01
2.182182182182182295e+00 1.762644946575164795e-01 0.000000000000000000e+00 1.762644946575164795e-01
2.202202202202202308e+00 1.759027093648910522e-01 0.000000000000000000e+00 1.759027093648910522e-01
2.222222222222222321e+00 1.753319203853607178e-01 0.000000000000000000e+00 1.753319203853607178e-01
2.242242242242242334e+00 1.745568960905075073e-01 0.000000000000000000e+00 1.745568960905075073e-01
2.262262262262262347e+00 1.735792905092239380e-01 0.000000000000000000e+00 1.735792905092239380e-01
2.282282282282282360e+00 1.724034547805786133e-01 0.000000000000000000e+00 1.724034547805786133e-01
2.302302302302302373e+00 1.710342764854431152e-01 0.000000000000000000e+00 1.710342764854431152e-01
2.322322322322322385e+00 1.694768965244293213e-01 0.000000000000000000e+00 1.694768965244293213e-01
2.342342342342342398e+00 1.677371412515640259e-01 0.000000000000000000e+00 1.677371412515640259e-01
2.362362362362362411e+00 1.658210456371307373e-01 0.000000000000000000e+00 1.658210456371307373e-01
2.382382382382382424e+00 1.637311279773712158e-01 0.000000000000000000e+00 1.637311279773712158e-01
2.402402402402402437e+00 1.614750474691390991e-01 0.000000000000000000e+00 1.614750474691390991e-01
2.422422422422422450e+00 1.590575575828552246e-01 0.000000000000000000e+00 1.590575575828552246e-01
2.442442442442442463e+00 1.564876437187194824e-01 0.000000000000000000e+00 1.564876437187194824e-01
2.462462462462462476e+00 1.537737101316452026e-01 0.000000000000000000e+00 1.537737101316452026e-01
2.482482482482482489e+00 1.509210318326950073e-01 0.000000000000000000e+00 1.509210318326950073e-01
2.502502502502502502e+00 1.479368805885314941e-01 0.000000000000000000e+00 1.479368805885314941e-01
2.522522522522522515e+00 1.448285430669784546e-01 0.000000000000000000e+00 1.448285430669784546e-01
2.542542542542542527e+00 1.416023224592208862e-01 0.000000000000000000e+00 1.416023224592208862e-01
2.562562562562562540e+00 1.382683515548706055e-01 0.000000000000000000e+00 1.382683515548706055e-01
2.582582582582582553e+00 1.348346918821334839e-01 0.000000000000000000e+00 1.348346918821334839e-01
2.602602602602602566e+00 1.313102841377258301e-01 0.000000000000000000e+00 1.313102841377258301e-01
2.622622622622622579e+00 1.277033090591430664e-01 0.000000000000000000e+00 1.277033090591430664e-01
2.642642642642642592e+00 1.240228265523910522e-01 0.000000000000000000e+00 1.240228265523910522e-01
2.662662662662662605e+00 1.202777326107025146e-01 0.000000000000000000e+00 1.202777326107025146e-01
2.682682682682682618e+00 1.164730489253997803e-01 0.000000000000000000e+00 1.164730489253997803e-01
2.702702702702702631e+00 1.126196682453155518e-01 0.000000000000000000e+00 1.126196682453155518e-01
2.722722722722722644e+00 1.087281927466392517e-01 0.000000000000000000e+00 1.087281927466392517e-01
2.742742742742742657e+00 1.048046723008155823e-01 0.000000000000000000e+00 1.048046723008155823e-01
2.762762762762762669e+00 1.008623018860816956e-01 0.000000000000000000e+00 1.008623018860816956e-01
2.782782782782782682e+00 9.690699726343154907e-02 0.000000000000000000e+00 9.690699726343154907e-02
2.802802802802802695e+00 9.294819086790084839e-02 0.000000000000000000e+00 9.294819086790084839e-02
2.822822822822822708e+00 8.899892866611480713e-02 0.000000000000000000e+00 8.899892866611480713e-02
2.842842842842842721e+00 8.506310731172561646e-02 0.000000000000000000e+00 8.506310731172561646e-02
2.862862862862862734e+00 8.115339279174804688e-02 0.000000000000000000e+00 8.115339279174804688e-02
2.882882882882882747e+00 7.727739959955215454e-02 0.000000000000000000e+00 7.727739959955215454e-02
2.902902902902902760e+00 7.344591617584228516e-02 0.000000000000000000e+00 7.344591617584228516e-02
2.922922922922922773e+00 6.966934353113174438e-02 0.000000000000000000e+00 6.966934353113174438e-02
2.942942942942942786e+00 6.595184653997421265e-02 0.000000000000000000e+00 6.595184653997421265e-02
2.962962962962962798e+00 6.230521574616432190e-02 0.000000000000000000e+00 6.230521574616432190e-02
2.982982982982982811e+00 5.873626098036766052e-02 0.000000000000000000e+00 5.873626098036766052e-02
3.003003003003002824e+00 5.525368824601173401e-02 0.000000000000000000e+00 5.525368824601173401e-02
3.023023023023022837e+00 5.186680331826210022e-02 0.000000000000000000e+00 5.186680331826210022e-02
3.043043043043042850e+00 4.858408868312835693e-02 0.000000000000000000e+00 4.858408868312835693e-02
3.063063063063062863e+00 4.541354626417160034e-02 0.000000000000000000e+00 4.541354626417160034e-02
3.083083083083082876e+00 4.236081987619400024e-02 0.000000000000000000e+00 4.236081987619400024e-02
3.103103103103102889e+00 3.943681344389915466e-02 0.000000000000000000e+00 3.943681344389915466e-02
3.123123123123122902e+00 3.664526343345642090e-02 0.000000000000000000e+00 3.664526343345642090e-02
3.143143143143142915e+00 3.399175405502319336e-02 0.000000000000000000e+00 3.399175405502319336e-02
3.163163163163162928e+00 3.148329257965087891e-02 0.000000000000000000e+00 3.148329257965087891e-02
3.183183183183182940e+00 2.912173606455326080e-02 0.000000000000000000e+00 2.912173606455326080e-02
3.203203203203202953e+00 2.691153995692729950e-02 0.000000000000000000e+00 2.691153995692729950e-02
3.223223223223223410e+00 2.485753782093524933e-02 0.000000000000000000e+00 2.485753782093524933e-02
3.243243243243243423e+00 2.296061441302299500e-02 0.000000000000000000e+00 2.296061441302299500e-02
3.263263263263263436e+00 2.122083492577075958e-02 0.000000000000000000e+00 2.122083492577075958e-02
3.283283283283283449e+00 1.963831111788749695e-02 0.000000000000000000e+00 1.963831111788749695e-02
3.303303303303303462e+00 1.820992678403854370e-02 0.000000000000000000e+00 1.820992678403854370e-02
3.323323323323323475e+00 1.692941971123218536e-02 0.000000000000000000e+00 1.692941971123218536e-02
3.343343343343343488e+00 1.578920334577560425e-02 0.000000000000000000e+00 1.578920334577560425e-02
3.363363363363363501e+00 1.478017494082450867e-02 0.000000000000000000e+00 1.478017494082450867e-02
3.383383383383383514e+00 1.389164198189973831e-02 0.000000000000000000e+00 1.389164198189973831e-02
3.403403403403403527e+00 1.311371382325887680e-02 0.000000000000000000e+00 1.311371382325887680e-02
3.423423423423423539e+00 1.243355218321084976e-02 0.000000000000000000e+00 1.243355218321084976e-02
3.443443443443443552e+00 1.183926872909069061e-02 0.000000000000000000e+00 1.183926872909069061e-02
3.463463463463463565e+00 1.132145710289478302e-02 0.000000000000000000e+00 1.132145710289478302e-02
3.483483483483483578e+00 1.087206043303012848e-02 0.000000000000000000e+00 1.087206043303012848e-02
3.503503503503503591e+00 1.048084627836942673e-02 0.000000000000000000e+00 1.048084627836942673e-02
3.523523523523523604e+00 1.013768557459115982e-02 0.000000000000000000e+00 1.013768557459115982e-02
3.543543543543543617e+00 9.835202246904373169e-03 0.000000000000000000e+00 9.835202246904373169e-03
3.563563563563563630e+00 9.568342007696628571e-03 0.000000000000000000e+00 9.568342007696628571e-03
3.583583583583583643e+00 9.330460801720619202e-03 0.000000000000000000e+00 9.330460801720619202e-03
3.603603603603603656e+00 9.117102250456809998e-03 0.000000000000000000e+00 9.117102250456809998e-03
3.623623623623623669e+00 8.924393914639949799e-03 0.000000000000000000e+00 8.924393914639949799e-03
3.643643643643643681e+00 8.750006556510925293e-03 0.000000000000000000e+00 8.750006556510925293e-03
3.663663663663663694e+00 8.588563650846481323e-03 0.000000000000000000e+00 8.588563650846481323e-03
3.683683683683683707e+00 8.438306860625743866e-03 0.000000000000000000e+00 8.438306860625743866e-03
3.703703703703703720e+00 8.298085071146488190e-03 0.000000000000000000e+00 8.298085071146488190e-03
3.723723723723723733e+00 8.166696876287460327e-03 0.000000000000000000e+00 8.166696876287460327e-03
3.743743743743743746e+00 8.042088709771633148e-03 0.000000000000000000e+00 8.042088709771633148e-03
3.763763763763763759e+00 7.923739030957221985e-03 0.000000000000000000e+00 7.923739030957221985e-03
3.783783783783783772e+00 7.812357973307371140e-03 0.000000000000000000e+00 7.812357973307371140e-03
3.803803803803803785e+00 7.705010008066892624e-03 0.000000000000000000e+00 7.705010008066892624e-03
3.823823823823823798e+00 7.603135891258716583e-03 0.000000000000000000e+00 7.603135891258716583e-03
3.843843843843843811e+00 7.504428271204233170e-03 0.000000000000000000e+00 7.504428271204233170e-03
3.863863863863863823e+00 7.410334888845682144e-03 0.000000000000000000e+00 7.410334888845682144e-03
3.883883883883883836e+00 7.319652475416660309e-03 0.000000000000000000e+00 7.319652475416660309e-03
3.903903903903903849e+00 7.231958676129579544e-03 0.000000000000000000e+00 7.231958676129579544e-03
3.923923923923923862e+00 7.147640455514192581e-03 0.000000000000000000e+00 7.147640455514192581e-03
3.943943943943943875e+00 7.066525053232908249e-03 0.000000000000000000e+00 7.066525053232908249e-03
3.963963963963963888e+00 6.987995933741331100e-03 0.000000000000000000e+00 6.987995933741331100e-03
3.983983983983983901e+00 6.912460085004568100e-03 0.000000000000000000e+00 6.912460085004568100e-03
4.004004004004004358e+00 6.838619709014892578e-03 0.000000000000000000e+00 6.838619709014892578e-03
4.024024024024024371e+00 6.767389364540576935e-03 0.000000000000000000e+00 6.767389364540576935e-03
4.044044044044044384e+00 6.698480341583490372e-03 0.000000000000000000e+00 6.698480341583490372e-03
4.064064064064064397e+00 6.630810443311929703e-03 0.000000000000000000e+00 6.630810443311929703e-03
4.084084084084084409e+00 6.566155236214399338e-03 0.000000000000000000e+00 6.566155236214399338e-03
4.104104104104104422e+00 6.504727061837911606e-03 0.000000000000000000e+00 6.504727061837911606e-03
4.124124124124124435e+00 6.445502862334251404e-03 0.000000000000000000e+00 6.445502862334251404e-03
4.144144144144144448e+00 6.387659348547458649e-03 0.000000000000000000e+00 6.387659348547458649e-03
4.164164164164164461e+00 6.330782081931829453e-03 0.000000000000000000e+00 6.330782081931829453e-03
4.184184184184184474e+00 6.275628693401813507e-03 0.000000000000000000e+00 6.275628693401813507e-03
4.204204204204204487e+00 6.222649943083524704e-03 0.000000000000000000e+00 6.222649943083524704e-03
4.224224224224224500e+00 6.172196939587593079e-03 0.000000000000000000e+00 6.172196939587593079e-03
4.244244244244244513e+00 6.122497376054525375e-03 0.000000000000000000e+00 6.122497376054525375e-03
4.264264264264264526e+00 6.072943098843097687e-03 0.000000000000000000e+00 6.072943098843097687e-03
4.284284284284284539e+00 6.023725960403680801e-03 0.000000000000000000e+00 6.023725960403680801e-03
4.304304304304304551e+00 5.975076463073492050e-03 0.000000000000000000e+00 5.975076463073492050e-03
4.324324324324324564e+00 5.927816033363342285e-03 0.000000000000000000e+00 5.927816033363342285e-03
4.344344344344344577e+00 5.881241988390684128e-03 0.000000000000000000e+00 5.881241988390684128e-03
4.364364364364364590e+00 5.835540592670440674e-03 0.000000000000000000e+00 5.835540592670440674e-03
4.384384384384384603e+00 5.790422204881906509e-03 0.000000000000000000e+00 5.790422204881906509e-03
4.404404404404404616e+00 5.745938047766685486e-03 0.000000000000000000e+00 5.745938047766685486e-03
4.424424424424424629e+00 5.703906528651714325e-03 0.000000000000000000e+00 5.703906528651714325e-03
4.444444444444444642e+00 5.664328113198280334e-03 0.000000000000000000e+00 5.664328113198280334e-03
4.464464464464464655e+00 5.626650061458349228e-03 0.000000000000000000e+00 5.626650061458349228e-03
4.484484484484484668e+00 5.589961074292659760e-03 0.000000000000000000e+00 5.589961074292659760e-03
4.504504504504504681e+00 5.553269293159246445e-03 0.000000000000000000e+00 5.553269293159246445e-03
4.524524524524524693e+00 5.516307894140481949e-03 0.000000000000000000e+00 5.516307894140481949e-03
4.544544544544544706e+00 5.480044521391391754e-03 0.000000000000000000e+00 5.480044521391391754e-03
4.564564564564564719e+00 5.443659145385026932e-03 0.000000000000000000e+00 5.443659145385026932e-03
4.584584584584584732e+00 5.408342462033033371e-03 0.000000000000000000e+00 5.408342462033033371e-03
4.604604604604604745e+00 5.373593885451555252e-03 0.000000000000000000e+00 5.373593885451555252e-03
4.624624624624624758e+00 5.339799914509057999e-03 0.000000000000000000e+00 5.339799914509057999e-03
4.644644644644644771e+00 5.305873695760965347e-03 0.000000000000000000e+00 5.305873695760965347e-03
4.664664664664664784e+00 5.272749811410903931e-03 0.000000000000000000e+00 5.272749811410903931e-03
4.684684684684684797e+00 5.241111386567354202e-03 0.000000000000000000e+00 5.241111386567354202e-03
4.704704704704704810e+00 5.210744682699441910e-03 0.000000000000000000e+00 5.210744682699441910e-03
4.724724724724724823e+00 5.180500913411378860e-03 0.000000000000000000e+00 5.180500913411378860e-03
4.744744744744744835e+00 5.151129327714443207e-03 0.000000000000000000e+00 5.151129327714443207e-03
4.764764764764764848e+00 5.122107453644275665e-03 0.000000000000000000e+00 5.122107453644275665e-03
4.784784784784784861e+00 5.093648098409175873e-03 0.000000000000000000e+00 5.093648098409175873e-03
4.804804804804804874e+00 5.066152662038803101e-03 0.000000000000000000e+00 5.066152662038803101e-03
4.824824824824824887e+00 5.037362221628427505e-03 0.000000000000000000e+00 5.037362221628427505e-03
4.844844844844844900e+00 5.008711013942956924e-03 0.000000000000000000e+00 5.008711013942956924e-03
4.864864864864864913e+00 4.980758763849735260e-03 0.000000000000000000e+00 4.980758763849735260e-03
4.884884884884884926e+00 4.953979514539241791e-03 0.000000000000000000e+00 4.953979514539241791e-03
4.904904904904904939e+00 4.928137641400098801e-03 0.000000000000000000e+00 4.928137641400098801e-03
4.924924924924924952e+00 4.901906475424766541e-03 0.000000000000000000e+00 4.901906475424766541e-03
4.944944944944944965e+00 4.875744692981243134e-03 0.000000000000000000e+00 4.875744692981243134e-03
4.964964964964964977e+00 4.850463941693305969e-03 0.000000000000000000e+00 4.850463941693305969e-03
4.984984984984984990e+00 4.826524294912815094e-03 0.000000000000000000e+00 4.826524294912815094e-03
5.005005005005005003e+00 4.803162533789873123e-03 0.000000000000000000e+00 4.803162533789873123e-03
5.025025025025025016e+00 4.780022893100976944e-03 0.000000000000000000e+00 4.780022893100976944e-03
5.045045045045045029e+00 4.756740760058164597e-03 0.000000000000000000e+00 4.756740760058164597e-03
5.065065065065065042e+00 4.733526613563299179e-03 0.000000000000000000e+00 4.733526613563299179e-03
5.085085085085085055e+00 4.711176734417676926e-03 0.000000000000000000e+00 4.711176734417676926e-03
5.105105105105105068e+00 4.690122790634632111e-03 0.000000000000000000e+00 4.690122790634632111e-03
5.125125125125125081e+00 4.667999688535928726e-03 0.000000000000000000e+00 4.667999688535928726e-03
5.145145145145145094e+00 4.645749926567077637e-03 0.000000000000000000e+00 4.645749926567077637e-03
5.165165165165165106e+00 4.623734392225742340e-03 0.000000000000000000e+00 4.623734392225742340e-03
5.185185185185185119e+00 4.601559136062860489e-03 0.000000000000000000e+00 4.601559136062860489e-03
5.205205205205205132e+00 4.580702167004346848e-03 0.000000000000000000e+00 4.580702167004346848e-03
5.225225225225225145e+00 4.560440778732299805e-03 0.000000000000000000e+00 4.560440778732299805e-03
5.245245245245245158e+00 4.541044589132070541e-03 0.000000000000000000e+00 4.541044589132070541e-03
5.265265265265265171e+00 4.521540831774473190e-03 0.000000000000000000e+00 4.521540831774473190e-03
5.285285285285285184e+00 4.502104129642248154e-03 0.000000000000000000e+00 4.502104129642248154e-03
5.305305305305305197e+00 4.483211319893598557e-03 0.000000000000000000e+00 4.483211319893598557e-03
5.325325325325325210e+00 4.464422818273305893e-03 0.000000000000000000e+00 4.464422818273305893e-03
5.345345345345345223e+00 4.445207305252552032e-03 0.000000000000000000e+00 4.445207305252552032e-03
5.365365365365365236e+00 4.425476305186748505e-03 0.000000000000000000e+00 4.425476305186748505e-03
5.385385385385385248e+00 4.406023770570755005e-03 0.000000000000000000e+00 4.406023770570755005e-03
5.405405405405405261e+00 4.387195687741041183e-03 0.000000000000000000e+00 4.387195687741041183e-03
5.425425425425425274e+00 4.369033034890890121e-03 0.000000000000000000e+00 4.369033034890890121e-03
5.445445445445445287e+00 4.350439645349979401e-03 0.000000000000000000e+00 4.350439645349979401e-03
5.465465465465465300e+00 4.332509823143482208e-03 0.000000000000000000e+00 4.332509823143482208e-03
5.485485485485485313e+00 4.314991645514965057e-03 0.000000000000000000e+00 4.314991645514965057e-03
5.505505505505505326e+00 4.298019688576459885e-03 0.000000000000000000e+00 4.298019688576459885e-03
5.525525525525525339e+00 4.280311055481433868e-03 0.000000000000000000e+00 4.280311055481433868e-03
5.545545545545545352e+00 4.263740964233875275e-03 0.000000000000000000e+00 4.263740964233875275e-03
5.565565565565565365e+00 4.246955271810293198e-03 0.000000000000000000e+00 4.246955271810293198e-03
5.585585585585585378e+00 4.230094607919454575e-03 0.000000000000000000e+00 4.230094607919454575e-03
5.605605605605605390e+00 4.213387146592140198e-03 0.000000000000000000e+00 4.213387146592140198e-03
5.625625625625625403e+00 4.196741618216037750e-03 0.000000000000000000e+00 4.196741618216037750e-03
5.645645645645645416e+00 4.181575495749711990e-03 0.000000000000000000e+00 4.181575495749711990e-03
5.665665665665665429e+00 4.166850354522466660e-03 0.000000000000000000e+00 4.166850354522466660e-03
5.685685685685685442e+00 4.151481669396162033e-03 0.000000000000000000e+00 4.151481669396162033e-03
5.705705705705705455e+00 4.136955831199884415e-03 0.000000000000000000e+00 4.136955831199884415e-03
5.725725725725725468e+00 4.121525678783655167e-03 0.000000000000000000e+00 4.121525678783655167e-03
5.745745745745745481e+00 4.105767700821161270e-03 0.000000000000000000e+00 4.105767700821161270e-03
5.765765765765765494e+00 4.090934060513973236e-03 0.000000000000000000e+00 4.090934060513973236e-03
5.785785785785785507e+00 4.075794946402311325e-03 0.000000000000000000e+00 4.075794946402311325e-03
5.805805805805805520e+00 4.060760140419006348e-03 0.000000000000000000e+00 4.060760140419006348e-03
5.825825825825825532e+00 4.046961665153503418e-03 0.000000000000000000e+00 4.046961665153503418e-03
5.845845845845845545e+00 4.035270307213068008e-03 0.000000000000000000e+00 4.035270307213068008e-03
5.865865865865865558e+00 4.022896755486726761e-03 0.000000000000000000e+00 4.022896755486726761e-03
5.885885885885885571e+00 4.010529257357120514e-03 0.000000000000000000e+00 4.010529257357120514e-03
5.905905905905905584e+00 3.997267689555883408e-03 0.000000000000000000e+00 3.997267689555883408e-03
5.925925925925925597e+00 3.982993774116039276e-03 0.000000000000000000e+00 3.982993774116039276e-03
5.945945945945945610e+00 3.968246281147003174e-03 0.000000000000000000e+00 3.968246281147003174e-03
5.965965965965965623e+00 3.953500185161828995e-03 0.000000000000000000e+00 3.953500185161828995e-03
5.985985985985985636e+00 3.939405083656311035e-03 0.000000000000000000e+00 3.939405083656311035e-03
6.006006006006005649e+00 3.925179596990346909e-03 0.000000000000000000e+00 3.925179596990346909e-03
6.026026026026025662e+00 3.911238629370927811e-03 0.000000000000000000e+00 3.911238629370927811e-03
6.046046046046045674e+00 3.898230148479342461e-03 0.000000000000000000e+00 3.898230148479342461e-03
6.066066066066065687e+00 3.886023536324501038e-03 0.000000000000000000e+00 3.886023536324501038e-03
6.086086086086085700e+00 3.873256035149097443e-03 0.000000000000000000e+00 3.873256035149097443e-03
6.106106106106105713e+00 3.860315307974815369e-03 0.000000000000000000e+00 3.860315307974815369e-03
6.126126126126125726e+00 3.848013002425432205e-03 0.000000000000000000e+00 3.848013002425432205e-03
6.146146146146145739e+00 3.836038056761026382e-03 0.000000000000000000e+00 3.836038056761026382e-03
6.166166166166165752e+00 3.822709666565060616e-03 0.000000000000000000e+00 3.822709666565060616e-03
6.186186186186185765e+00 3.810387337580323219e-03 0.000000000000000000e+00 3.810387337580323219e-03
6.206206206206205778e+00 3.798544174060225487e-03 0.000000000000000000e+00 3.798544174060225487e-03
6.226226226226225791e+00 3.786710090935230255e-03 0.000000000000000000e+00 3.786710090935230255e-03
6.246246246246245803e+00 3.774572163820266724e-03 0.000000000000000000e+00 3.774572163820266724e-03
6.266266266266265816e+00 3.762293606996536255e-03 0.000000000000000000e+00 3.762293606996536255e-03
6.286286286286285829e+00 3.751032752916216850e-03 0.000000000000000000e+00 3.751032752916216850e-03
6.306306306306305842e+00 3.740247339010238647e-03 0.000000000000000000e+00 3.740247339010238647e-03
6.326326326326325855e+00 3.728239564225077629e-03 0.000000000000000000e+00 3.728239564225077629e-03
6.346346346346345868e+00 3.716286737471818924e-03 0.000000000000000000e+00 3.716286737471818924e-03
6.366366366366365881e+00 3.706154646351933479e-03 0.000000000000000000e+00 3.706154646351933479e-03
6.386386386386385894e+00 3.695940133184194565e-03 0.000000000000000000e+00 3.695940133184194565e-03
6.406406406406405907e+00 3.684868337586522102e-03 0.000000000000000000e+00 3.684868337586522102e-03
6.426426426426426808e+00 3.675214014947414398e-03 0.000000000000000000e+00 3.675214014947414398e-03
6.446446446446446821e+00 3.664176911115646362e-03 0.000000000000000000e+00 3.664176911115646362e-03
6.466466466466466834e+00 3.653029212728142738e-03 0.000000000000000000e+00 3.653029212728142738e-03
6.486486486486486847e+00 3.640900598838925362e-03 0.000000000000000000e+00 3.640900598838925362e-03
6.506506506506506859e+00 3.629175014793872833e-03 0.000000000000000000e+00 3.629175014793872833e-03
6.526526526526526872e+00 3.617673413828015327e-03 0.000000000000000000e+00 3.617673413828015327e-03
6.546546546546546885e+00 3.607141552492976189e-03 0.000000000000000000e+00 3.607141552492976189e-03
6.566566566566566898e+00 3.595156827941536903e-03 0.000000000000000000e+00 3.595156827941536903e-03
6.586586586586586911e+00 3.584930207580327988e-03 0.000000000000000000e+00 3.584930207580327988e-03
6.606606606606606924e+00 3.575618378818035126e-03 0.000000000000000000e+00 3.575618378818035126e-03
6.626626626626626937e+00 3.566161263734102249e-03 0.000000000000000000e+00 3.566161263734102249e-03
6.646646646646646950e+00 3.556279232725501060e-03 0.000000000000000000e+00 3.556279232725501060e-03
6.666666666666666963e+00 3.547340631484985352e-03 0.000000000000000000e+00 3.547340631484985352e-03
6.686686686686686976e+00 3.537910524755716324e-03 0.000000000000000000e+00 3.537910524755716324e-03
6.706706706706706989e+00 3.528235945850610733e-03 0.000000000000000000e+00 3.528235945850610733e-03
6.726726726726727001e+00 3.517556004226207733e-03 0.000000000000000000e+00 3.517556004226207733e-03
6.746746746746747014e+00 3.506961511448025703e-03 0.000000000000000000e+00 3.506961511448025703e-03
6.766766766766767027e+00 3.496902994811534882e-03 0.000000000000000000e+00 3.496902994811534882e-03
6.786786786786787040e+00 3.488426329568028450e-03 0.000000000000000000e+00 3.488426329568028450e-03
6.806806806806807053e+00 3.479308681562542915e-03 0.000000000000000000e+00 3.479308681562542915e-03
6.826826826826827066e+00 3.469594754278659821e-03 0.000000000000000000e+00 3.469594754278659821e-03
6.846846846846847079e+00 3.458691993728280067e-03 0.000000000000000000e+00 3.458691993728280067e-03
6.866866866866867092e+00 3.447428112849593163e-03 0.000000000000000000e+00 3.447428112849593163e-03
6.886886886886887105e+00 3.438463201746344566e-03 0.000000000000000000e+00 3.438463201746344566e-03
6.906906906906907118e+00 3.428878262639045715e-03 0.000000000000000000e+00 3.428878262639045715e-03
6.926926926926927131e+00 3.419096115976572037e-03 0.000000000000000000e+00 3.419096115976572037e-03
6.946946946946947143e+00 3.408685559406876564e-03 0.000000000000000000e+00 3.408685559406876564e-03
6.966966966966967156e+00 3.398801898583769798e-03 0.000000000000000000e+00 3.398801898583769798e-03
6.986986986986987169e+00 3.390947822481393814e-03 0.000000000000000000e+00 3.390947822481393814e-03
7.007007007007007182e+00 3.381556831300258636e-03 0.000000000000000000e+00 3.381556831300258636e-03
7.027027027027027195e+00 3.371882950887084007e-03 0.000000000000000000e+00 3.371882950887084007e-03
7.047047047047047208e+00 3.362494753673672676e-03 0.000000000000000000e+00 3.362494753673672676e-03
7.067067067067067221e+00 3.354388987645506859e-03 0.000000000000000000e+00 3.354388987645506859e-03
7.087087087087087234e+00 3.347686259075999260e-03 0.000000000000000000e+00 3.347686259075999260e-03
7.107107107107107247e+00 3.341740695759654045e-03 0.000000000000000000e+00 3.341740695759654045e-03
7.127127127127127260e+00 3.334756009280681610e-03 0.000000000000000000e+00 3.334756009280681610e-03
7.147147147147147273e+00 3.326773410663008690e-03 0.000000000000000000e+00 3.326773410663008690e-03
7.167167167167167285e+00 3.318188013508915901e-03 0.000000000000000000e+00 3.318188013508915901e-03
7.187187187187187298e+00 3.308652667328715324e-03 0.000000000000000000e+00 3.308652667328715324e-03
7.207207207207207311e+00 3.299363423138856888e-03 0.000000000000000000e+00 3.299363423138856888e-03
7.227227227227227324e+00 3.290081396698951721e-03 0.000000000000000000e+00 3.290081396698951721e-03
7.247247247247247337e+00 3.282615682110190392e-03 0.000000000000000000e+00 3.282615682110190392e-03
7.267267267267267350e+00 3.273835405707359314e-03 0.000000000000000000e+00 3.273835405707359314e-03
7.287287287287287363e+00 3.266989719122648239e-03 0.000000000000000000e+00 3.266989719122648239e-03
7.307307307307307376e+00 3.258991520851850510e-03 0.000000000000000000e+00 3.258991520851850510e-03
7.327327327327327389e+00 3.249315079301595688e-03 0.000000000000000000e+00 3.249315079301595688e-03
7.347347347347347402e+00 3.240022575482726097e-03 0.000000000000000000e+00 3.240022575482726097e-03
7.367367367367367414e+00 3.230558941140770912e-03 0.000000000000000000e+00 3.230558941140770912e-03
7.387387387387387427e+00 3.222332801669836044e-03 0.000000000000000000e+00 3.222332801669836044e-03
7.407407407407407440e+00 3.215837990865111351e-03 0.000000000000000000e+00 3.215837990865111351e-03
7.427427427427427453e+00 3.209223039448261261e-03 0.000000000000000000e+00 3.209223039448261261e-03
7.447447447447447466e+00 3.202320309355854988e-03 0.000000000000000000e+00 3.202320309355854988e-03
7.467467467467467479e+00 3.194816177710890770e-03 0.000000000000000000e+00 3.194816177710890770e-03
7.487487487487487492e+00 3.187780268490314484e-03 0.000000000000000000e+00 3.187780268490314484e-03
7.507507507507507505e+00 3.179535036906599998e-03 0.000000000000000000e+00 3.179535036906599998e-03
7.527527527527527518e+00 3.171852556988596916e-03 0.000000000000000000e+00 3.171852556988596916e-03
7.547547547547547531e+00 3.164064604789018631e-03 0.000000000000000000e+00 3.164064604789018631e-03
7.567567567567567544e+00 3.155381884425878525e-03 0.000000000000000000e+00 3.155381884425878525e-03
7.587587587587587556e+00 3.147311741486191750e-03 0.000000000000000000e+00 3.147311741486191750e-03
7.607607607607607569e+00 3.137294435873627663e-03 0.000000000000000000e+00 3.137294435873627663e-03
7.627627627627627582e+00 3.127553034573793411e-03 0.000000000000000000e+00 3.127553034573793411e-03
7.647647647647647595e+00 3.120730398222804070e-03 0.000000000000000000e+00 3.120730398222804070e-03
7.667667667667667608e+00 3.114698221907019615e-03 0.000000000000000000e+00 3.114698221907019615e-03
7.687687687687687621e+00 3.108897944912314415e-03 0.000000000000000000e+00 3.108897944912314415e-03
7.707707707707707634e+00 3.102362621575593948e-03 0.000000000000000000e+00 3.102362621575593948e-03
7.727727727727727647e+00 3.095111576840281487e-03 0.000000000000000000e+00 3.095111576840281487e-03
7.747747747747747660e+00 3.087499644607305527e-03 0.000000000000000000e+00 3.087499644607305527e-03
7.767767767767767673e+00 3.080551978200674057e-03 0.000000000000000000e+00 3.080551978200674057e-03
7.787787787787787686e+00 3.074527950957417488e-03 0.000000000000000000e+00 3.074527950957417488e-03
7.807807807807807698e+00 3.068892983719706535e-03 0.000000000000000000e+00 3.068892983719706535e-03
7.827827827827827711e+00 3.061918076127767563e-03 0.000000000000000000e+00 3.061918076127767563e-03
7.847847847847847724e+00 3.054038621485233307e-03 0.000000000000000000e+00 3.054038621485233307e-03
7.867867867867867737e+00 3.045876510441303253e-03 0.000000000000000000e+00 3.045876510441303253e-03
7.887887887887887750e+00 3.039445495232939720e-03 0.000000000000000000e+00 3.039445495232939720e-03
7.907907907907907763e+00 3.034261055290699005e-03 0.000000000000000000e+00 3.034261055290699005e-03
7.927927927927927776e+00 3.029282437637448311e-03 0.000000000000000000e+00 3.029282437637448311e-03
7.947947947947947789e+00 3.023815341293811798e-03 0.000000000000000000e+00 3.023815341293811798e-03
7.967967967967967802e+00 3.016102826222777367e-03 0.000000000000000000e+00 3.016102826222777367e-03
7.987987987987987815e+00 3.007542109116911888e-03 0.000000000000000000e+00 3.007542109116911888e-03
8.008008008008008716e+00 2.999410498887300491e-03 0.000000000000000000e+00 2.999410498887300491e-03
8.028028028028028729e+00 2.993163652718067169e-03 0.000000000000000000e+00 2.993163652718067169e-03
8.048048048048048742e+00 2.988874213770031929e-03 0.000000000000000000e+00 2.988874213770031929e-03
8.068068068068068754e+00 2.983486978337168694e-03 0.000000000000000000e+00 2.983486978337168694e-03
8.088088088088088767e+00 2.977003809064626694e-03 0.000000000000000000e+00 2.977003809064626694e-03
8.108108108108108780e+00 2.969229361042380333e-03 0.000000000000000000e+00 2.969229361042380333e-03
8.128128128128128793e+00 2.962684957310557365e-03 0.000000000000000000e+00 2.962684957310557365e-03
8.148148148148148806e+00 2.956103533506393433e-03 0.000000000000000000e+00 2.956103533506393433e-03
8.168168168168168819e+00 2.949738642200827599e-03 0.000000000000000000e+00 2.949738642200827599e-03
8.188188188188188832e+00 2.943514613434672356e-03 0.000000000000000000e+00 2.943514613434672356e-03
8.208208208208208845e+00 2.936132717877626419e-03 0.000000000000000000e+00 2.936132717877626419e-03
8.228228228228228858e+00 2.928636269643902779e-03 0.000000000000000000e+00 2.928636269643902779e-03
8.248248248248248871e+00 2.921050414443016052e-03 0.000000000000000000e+00 2.921050414443016052e-03
8.268268268268268884e+00 2.914093667641282082e-03 0.000000000000000000e+00 2.914093667641282082e-03
8.288288288288288896e+00 2.908561378717422485e-03 0.000000000000000000e+00 2.908561378717422485e-03
8.308308308308308909e+00 2.903599059209227562e-03 0.000000000000000000e+00 2.903599059209227562e-03
8.328328328328328922e+00 2.897770842537283897e-03 0.000000000000000000e+00 2.897770842537283897e-03
8.348348348348348935e+00 2.893704921007156372e-03 0.000000000000000000e+00 2.893704921007156372e-03
8.368368368368368948e+00 2.887056209146976471e-03 0.000000000000000000e+00 2.887056209146976471e-03
8.388388388388388961e+00 2.878520870581269264e-03 0.000000000000000000e+00 2.878520870581269264e-03
8.408408408408408974e+00 2.871488919481635094e-03 0.000000000000000000e+00 2.871488919481635094e-03
8.428428428428428987e+00 2.866471419110894203e-03 0.000000000000000000e+00 2.866471419110894203e-03
8.448448448448449000e+00 2.862124703824520111e-03 0.000000000000000000e+00 2.862124703824520111e-03
8.468468468468469013e+00 2.856616163626313210e-03 0.000000000000000000e+00 2.856616163626313210e-03
8.488488488488489025e+00 2.848936943337321281e-03 0.000000000000000000e+00 2.848936943337321281e-03
8.508508508508509038e+00 2.840690547600388527e-03 0.000000000000000000e+00 2.840690547600388527e-03
8.528528528528529051e+00 2.834904007613658905e-03 0.000000000000000000e+00 2.834904007613658905e-03
8.548548548548549064e+00 2.829458331689238548e-03 0.000000000000000000e+00 2.829458331689238548e-03
8.568568568568569077e+00 2.823610790073871613e-03 0.000000000000000000e+00 2.823610790073871613e-03
8.588588588588589090e+00 2.818374661728739738e-03 0.000000000000000000e+00 2.818374661728739738e-03
8.608608608608609103e+00 2.814541803672909737e-03 0.000000000000000000e+00 2.814541803672909737e-03
8.628628628628629116e+00 2.808153629302978516e-03 0.000000000000000000e+00 2.808153629302978516e-03
8.648648648648649129e+00 2.802725881338119507e-03 0.000000000000000000e+00 2.802725881338119507e-03
8.668668668668669142e+00 2.795729786157608032e-03 0.000000000000000000e+00 2.795729786157608032e-03
8.688688688688689155e+00 2.788761630654335022e-03 0.000000000000000000e+00 2.788761630654335022e-03
8.708708708708709167e+00 2.781847491860389709e-03 0.000000000000000000e+00 2.781847491860389709e-03
8.728728728728729180e+00 2.776585752144455910e-03 0.000000000000000000e+00 2.776585752144455910e-03
8.748748748748749193e+00 2.771535422652959824e-03 0.000000000000000000e+00 2.771535422652959824e-03
8.768768768768769206e+00 2.767610829323530197e-03 0.000000000000000000e+00 2.767610829323530197e-03
8.788788788788789219e+00 2.762879710644483566e-03 0.000000000000000000e+00 2.762879710644483566e-03
8.808808808808809232e+00 2.758116228505969048e-03 0.000000000000000000e+00 2.758116228505969048e-03
8.828828828828829245e+00 2.754292683675885201e-03 0.000000000000000000e+00 2.754292683675885201e-03
8.848848848848849258e+00 2.749152481555938721e-03 0.000000000000000000e+00 2.749152481555938721e-03
8.868868868868869271e+00 2.743961522355675697e-03 0.000000000000000000e+00 2.743961522355675697e-03
8.888888888888889284e+00 2.738424809649586678e-03 0.000000000000000000e+00 2.738424809649586678e-03
8.908908908908909297e+00 2.731016138568520546e-03 0.000000000000000000e+00 2.731016138568520546e-03
8.928928928928929309e+00 2.724769292399287224e-03 0.000000000000000000e+00 2.724769292399287224e-03
8.948948948948949322e+00 2.719639567658305168e-03 0.000000000000000000e+00 2.719639567658305168e-03
8.968968968968969335e+00 2.714231843128800392e-03 0.000000000000000000e+00 2.714231843128800392e-03
8.988988988988989348e+00 2.708031330257654190e-03 0.000000000000000000e+00 2.708031330257654190e-03
9.009009009009009361e+00 2.704341663047671318e-03 0.000000000000000000e+00 2.704341663047671318e-03
9.029029029029029374e+00 2.698855940252542496e-03 0.000000000000000000e+00 2.698855940252542496e-03
9.049049049049049387e+00 2.694085473194718361e-03 0.000000000000000000e+00 2.694085473194718361e-03
9.069069069069069400e+00 2.689286833629012108e-03 0.000000000000000000e+00 2.689286833629012108e-03
9.089089089089089413e+00 2.684789244085550308e-03 0.000000000000000000e+00 2.684789244085550308e-03
9.109109109109109426e+00 2.681232523173093796e-03 0.000000000000000000e+00 2.681232523173093796e-03
9.129129129129129439e+00 2.677585463970899582e-03 0.000000000000000000e+00 2.677585463970899582e-03
9.149149149149149451e+00 2.672501374036073685e-03 0.000000000000000000e+00 2.672501374036073685e-03
9.169169169169169464e+00 2.666529733687639236e-03 0.000000000000000000e+00 2.666529733687639236e-03
9.189189189189189477e+00 2.660872181877493858e-03 0.000000000000000000e+00 2.660872181877493858e-03
9.209209209209209490e+00 2.655572025105357170e-03 0.000000000000000000e+00 2.655572025105357170e-03
9.229229229229229503e+00 2.650460461154580116e-03 0.000000000000000000e+00 2.650460461154580116e-03
9.249249249249249516e+00 2.643392886966466904e-03 0.000000000000000000e+00 2.643392886966466904e-03
9.269269269269269529e+00 2.638493198901414871e-03 0.000000000000000000e+00 2.638493198901414871e-03
9.289289289289289542e+00 2.634102711454033852e-03 0.000000000000000000e+00 2.634102711454033852e-03
9.309309309309309555e+00 2.629393013194203377e-03 0.000000000000000000e+00 2.629393013194203377e-03
9.329329329329329568e+00 2.622499130666255951e-03 0.000000000000000000e+00 2.622499130666255951e-03
9.349349349349349581e+00 2.614995464682579041e-03 0.000000000000000000e+00 2.614995464682579041e-03
9.369369369369369593e+00 2.610824303701519966e-03 0.000000000000000000e+00 2.610824303701519966e-03
9.389389389389389606e+00 2.606014721095561981e-03 0.000000000000000000e+00 2.606014721095561981e-03
9.409409409409409619e+00 2.603221451863646507e-03 0.000000000000000000e+00 2.603221451863646507e-03
9.429429429429429632e+00 2.599968109279870987e-03 0.000000000000000000e+00 2.599968109279870987e-03
9.449449449449449645e+00 2.595149679109454155e-03 0.000000000000000000e+00 2.595149679109454155e-03
9.469469469469469658e+00 2.588710281997919083e-03 0.000000000000000000e+00 2.588710281997919083e-03
9.489489489489489671e+00 2.582244109362363815e-03 0.000000000000000000e+00 2.582244109362363815e-03
9.509509509509509684e+00 2.577437553554773331e-03 0.000000000000000000e+00 2.577437553554773331e-03
9.529529529529529697e+00 2.574823098257184029e-03 0.000000000000000000e+00 2.574823098257184029e-03
9.549549549549549710e+00 2.571439836174249649e-03 0.000000000000000000e+00 2.571439836174249649e-03
9.569569569569569722e+00 2.567904302850365639e-03 0.000000000000000000e+00 2.567904302850365639e-03
9.589589589589589735e+00 2.562768524512648582e-03 0.000000000000000000e+00 2.562768524512648582e-03
9.609609609609609748e+00 2.554284641519188881e-03 0.000000000000000000e+00 2.554284641519188881e-03
9.629629629629629761e+00 2.547072712332010269e-03 0.000000000000000000e+00 2.547072712332010269e-03
9.649649649649649774e+00 2.541845198720693588e-03 0.000000000000000000e+00 2.541845198720693588e-03
9.669669669669669787e+00 2.537526423111557961e-03 0.000000000000000000e+00 2.537526423111557961e-03
9.689689689689689800e+00 2.535510342568159103e-03 0.000000000000000000e+00 2.535510342568159103e-03
9.709709709709709813e+00 2.530771540477871895e-03 0.000000000000000000e+00 2.530771540477871895e-03
9.729729729729729826e+00 2.528567332774400711e-03 0.000000000000000000e+00 2.528567332774400711e-03
9.749749749749749839e+00 2.524851122871041298e-03 0.000000000000000000e+00 2.524851122871041298e-03
9.769769769769769852e+00 2.520086709409952164e-03 0.000000000000000000e+00 2.520086709409952164e-03
9.789789789789789864e+00 2.514674095436930656e-03 0.000000000000000000e+00 2.514674095436930656e-03
9.809809809809809877e+00 2.509184647351503372e-03 0.000000000000000000e+00 2.509184647351503372e-03
9.829829829829829890e+00 2.504878910258412361e-03 0.000000000000000000e+00 2.504878910258412361e-03
9.849849849849849903e+00 2.501924522221088409e-03 0.000000000000000000e+00 2.501924522221088409e-03
9.869869869869869916e+00 2.498995512723922729e-03 0.000000000000000000e+00 2.498995512723922729e-03
9.889889889889889929e+00 2.492491388693451881e-03 0.000000000000000000e+00 2.492491388693451881e-03
9.909909909909909942e+00 2.486277837306261063e-03 0.000000000000000000e+00 2.486277837306261063e-03
9.929929929929929955e+00 2.482029143720865250e-03 0.000000000000000000e+00 2.482029143720865250e-03
9.949949949949949968e+00 2.480956027284264565e-03 0.000000000000000000e+00 2.480956027284264565e-03
9.969969969969969981e+00 2.477736212313175201e-03 0.000000000000000000e+00 2.477736212313175201e-03
9.989989989989989994e+00 2.472356660291552544e-03 0.000000000000000000e+00 2.472356660291552544e-03
1.001001001001001001e+01 2.466588979586958885e-03 0.000000000000000000e+00 2.466588979586958885e-03
1.003003003003003002e+01 2.463507233187556267e-03 0.000000000000000000e+00 2.463507233187556267e-03
1.005005005005005003e+01 2.457828260958194733e-03 0.000000000000000000e+00 2.457828260958194733e-03
1.007007007007007005e+01 2.453054999932646751e-03 0.000000000000000000e+00 2.453054999932646751e-03
1.009009009009009006e+01 2.448447048664093018e-03 0.000000000000000000e+00 2.448447048664093018e-03
1.011011011011011007e+01 2.444908022880554199e-03 0.000000000000000000e+00 2.444908022880554199e-03
1.013013013013013008e+01 2.441541757434606552e-03 0.000000000000000000e+00 2.441541757434606552e-03
1.015015015015015010e+01 2.434700261801481247e-03 0.000000000000000000e+00 2.434700261801481247e-03
1.017017017017017011e+01 2.429642947390675545e-03 0.000000000000000000e+00 2.429642947390675545e-03
1.019019019019019012e+01 2.423970261588692665e-03 0.000000000000000000e+00 2.423970261588692665e-03
1.021021021021021014e+01 2.419328084215521812e-03 0.000000000000000000e+00 2.419328084215521812e-03
1.023023023023023015e+01 2.416429808363318443e-03 0.000000000000000000e+00 2.416429808363318443e-03
1.025025025025025016e+01 2.413517329841852188e-03 0.000000000000000000e+00 2.413517329841852188e-03
1.027027027027027017e+01 2.409088890999555588e-03 0.000000000000000000e+00 2.409088890999555588e-03
1.029029029029029019e+01 2.406703773885965347e-03 0.000000000000000000e+00 2.406703773885965347e-03
1.031031031031031020e+01 2.403511432930827141e-03 0.000000000000000000e+00 2.403511432930827141e-03
1.033033033033033021e+01 2.400404540821909904e-03 0.000000000000000000e+00 2.400404540821909904e-03
1.035035035035035023e+01 2.395910210907459259e-03 0.000000000000000000e+00 2.395910210907459259e-03
1.037037037037037024e+01 2.392176073044538498e-03 0.000000000000000000e+00 2.392176073044538498e-03
1.039039039039039025e+01 2.386968350037932396e-03 0.000000000000000000e+00 2.386968350037932396e-03
1.041041041041041026e+01 2.381474245339632034e-03 0.000000000000000000e+00 2.381474245339632034e-03
1.043043043043043028e+01 2.376779681071639061e-03 0.000000000000000000e+00 2.376779681071639061e-03
1.045045045045045029e+01 2.374158473685383797e-03 0.000000000000000000e+00 2.374158473685383797e-03
1.047047047047047030e+01 2.370832953602075577e-03 0.000000000000000000e+00 2.370832953602075577e-03
1.049049049049049032e+01 2.365472028031945229e-03 0.000000000000000000e+00 2.365472028031945229e-03
1.051051051051051033e+01 2.361394232138991356e-03 0.000000000000000000e+00 2.361394232138991356e-03
1.053053053053053034e+01 2.358650323003530502e-03 0.000000000000000000e+00 2.358650323003530502e-03
1.055055055055055035e+01 2.356720156967639923e-03 0.000000000000000000e+00 2.356720156967639923e-03
1.057057057057057037e+01 2.354575088247656822e-03 0.000000000000000000e+00 2.354575088247656822e-03
1.059059059059059038e+01 2.351365983486175537e-03 0.000000000000000000e+00 2.351365983486175537e-03
1.061061061061061039e+01 2.347303088754415512e-03 0.000000000000000000e+00 2.347303088754415512e-03
1.063063063063063041e+01 2.341356361284852028e-03 0.000000000000000000e+00 2.341356361284852028e-03
1.065065065065065042e+01 2.336194738745689392e-03 0.000000000000000000e+00 2.336194738745689392e-03
1.067067067067067043e+01 2.331834984943270683e-03 0.000000000000000000e+00 2.331834984943270683e-03
1.069069069069069045e+01 2.328963251784443855e-03 0.000000000000000000e+00 2.328963251784443855e-03
1.071071071071071046e+01 2.327894326299428940e-03 0.000000000000000000e+00 2.327894326299428940e-03
1.073073073073073047e+01 2.324044704437255859e-03 0.000000000000000000e+00 2.324044704437255859e-03
1.075075075075075048e+01 2.318857004866003990e-03 0.000000000000000000e+00 2.318857004866003990e-03
1.077077077077077050e+01 2.314564771950244904e-03 0.000000000000000000e+00 2.314564771950244904e-03
1.079079079079079051e+01 2.308948431164026260e-03 0.000000000000000000e+00 2.308948431164026260e-03
1.081081081081081052e+01 2.305364934727549553e-03 0.000000000000000000e+00 2.305364934727549553e-03
1.083083083083083054e+01 2.300960244610905647e-03 0.000000000000000000e+00 2.300960244610905647e-03
1.085085085085085055e+01 2.296905731782317162e-03 0.000000000000000000e+00 2.296905731782317162e-03
1.087087087087087056e+01 2.292957622557878494e-03 0.000000000000000000e+00 2.292957622557878494e-03
1.089089089089089057e+01 2.291703363880515099e-03 0.000000000000000000e+00 2.291703363880515099e-03
1.091091091091091059e+01 2.288321033120155334e-03 0.000000000000000000e+00 2.288321033120155334e-03
1.093093093093093060e+01 2.284458139911293983e-03 0.000000000000000000e+00 2.284458139911293983e-03
1.095095095095095061e+01 2.282137516885995865e-03 0.000000000000000000e+00 2.282137516885995865e-03
1.097097097097097063e+01 2.277388935908675194e-03 0.000000000000000000e+00 2.277388935908675194e-03
1.099099099099099064e+01 2.272338839247822762e-03 0.000000000000000000e+00 2.272338839247822762e-03
1.101101101101101065e+01 2.268243115395307541e-03 0.000000000000000000e+00 2.268243115395307541e-03
1.103103103103103066e+01 2.264276845380663872e-03 0.000000000000000000e+00 2.264276845380663872e-03
1.105105105105105068e+01 2.259564585983753204e-03 0.000000000000000000e+00 2.259564585983753204e-03
1.107107107107107069e+01 2.255722414702177048e-03 0.000000000000000000e+00 2.255722414702177048e-03
1.109109109109109070e+01 2.252420410513877869e-03 0.000000000000000000e+00 2.252420410513877869e-03
1.111111111111111072e+01 2.250241115689277649e-03 0.000000000000000000e+00 2.250241115689277649e-03
1.113113113113113073e+01 2.247345168143510818e-03 0.000000000000000000e+00 2.247345168143510818e-03
1.115115115115115074e+01 2.242866670712828636e-03 0.000000000000000000e+00 2.242866670712828636e-03
1.117117117117117076e+01 2.241202862933278084e-03 0.000000000000000000e+00 2.241202862933278084e-03
1.119119119119119077e+01 2.237471053376793861e-03 0.000000000000000000e+00 2.237471053376793861e-03
1.121121121121121078e+01 2.234295243397355080e-03 0.000000000000000000e+00 2.234295243397355080e-03
1.123123123123123079e+01 2.231667051091790199e-03 0.000000000000000000e+00 2.231667051091790199e-03
1.125125125125125081e+01 2.230219775810837746e-03 0.000000000000000000e+00 2.230219775810837746e-03
1.127127127127127082e+01 2.226226963102817535e-03 0.000000000000000000e+00 2.226226963102817535e-03
1.129129129129129083e+01 2.220777329057455063e-03 0.000000000000000000e+00 2.220777329057455063e-03
1.131131131131131085e+01 2.214708598330616951e-03 0.000000000000000000e+00 2.214708598330616951e-03
1.133133133133133086e+01 2.212949562817811966e-03 0.000000000000000000e+00 2.212949562817811966e-03
1.135135135135135087e+01 2.212505787611007690e-03 0.000000000000000000e+00 2.212505787611007690e-03
1.137137137137137088e+01 2.211221493780612946e-03 0.000000000000000000e+00 2.211221493780612946e-03
1.139139139139139090e+01 2.207725541666150093e-03 0.000000000000000000e+00 2.207725541666150093e-03
1.141141141141141091e+01 2.202501287683844566e-03 0.000000000000000000e+00 2.202501287683844566e-03
1.143143143143143092e+01 2.197699621319770813e-03 0.000000000000000000e+00 2.197699621319770813e-03
1.145145145145145094e+01 2.195118460804224014e-03 0.000000000000000000e+00 2.195118460804224014e-03
1.147147147147147095e+01 2.192548941820859909e-03 0.000000000000000000e+00 2.192548941820859909e-03
1.149149149149149096e+01 2.189149381592869759e-03 0.000000000000000000e+00 2.189149381592869759e-03
1.151151151151151097e+01 2.182782860472798347e-03 0.000000000000000000e+00 2.182782860472798347e-03
1.153153153153153099e+01 2.179543254896998405e-03 0.000000000000000000e+00 2.179543254896998405e-03
1.155155155155155100e+01 2.176914829760789871e-03 0.000000000000000000e+00 2.176914829760789871e-03
1.157157157157157101e+01 2.174363471567630768e-03 0.000000000000000000e+00 2.174363471567630768e-03
1.159159159159159103e+01 2.170795109122991562e-03 0.000000000000000000e+00 2.170795109122991562e-03
1.161161161161161104e+01 2.164151519536972046e-03 0.000000000000000000e+00 2.164151519536972046e-03
1.163163163163163105e+01 2.159470692276954651e-03 0.000000000000000000e+00 2.159470692276954651e-03
1.165165165165165106e+01 2.158176153898239136e-03 0.000000000000000000e+00 2.158176153898239136e-03
1.167167167167167108e+01 2.156986854970455170e-03 0.000000000000000000e+00 2.156986854970455170e-03
1.169169169169169109e+01 2.153069712221622467e-03 0.000000000000000000e+00 2.153069712221622467e-03
1.171171171171171110e+01 2.152054104954004288e-03 0.000000000000000000e+00 2.152054104954004288e-03
1.173173173173173112e+01 2.149086445569992065e-03 0.000000000000000000e+00 2.149086445569992065e-03
1.175175175175175113e+01 2.143327612429857254e-03 0.000000000000000000e+00 2.143327612429857254e-03
1.177177177177177114e+01 2.140589989721775055e-03 0.000000000000000000e+00 2.140589989721775055e-03
1.179179179179179116e+01 2.139144809916615486e-03 0.000000000000000000e+00 2.139144809916615486e-03
1.181181181181181117e+01 2.137449104338884354e-03 0.000000000000000000e+00 2.137449104338884354e-03
1.183183183183183118e+01 2.133932197466492653e-03 0.000000000000000000e+00 2.133932197466492653e-03
1.185185185185185119e+01 2.129395725205540657e-03 0.000000000000000000e+00 2.129395725205540657e-03
1.187187187187187121e+01 2.123726066201925278e-03 0.000000000000000000e+00 2.123726066201925278e-03
1.189189189189189122e+01 2.120516728609800339e-03 0.000000000000000000e+00 2.120516728609800339e-03
1.191191191191191123e+01 2.118519740179181099e-03 0.000000000000000000e+00 2.118519740179181099e-03
1.193193193193193125e+01 2.118180040270090103e-03 0.000000000000000000e+00 2.118180040270090103e-03
1.195195195195195126e+01 2.112788846716284752e-03 0.000000000000000000e+00 2.112788846716284752e-03
1.197197197197197127e+01 2.111749490723013878e-03 0.000000000000000000e+00 2.111749490723013878e-03
1.199199199199199128e+01 2.107849810272455215e-03 0.000000000000000000e+00 2.107849810272455215e-03
1.201201201201201130e+01 2.102877944707870483e-03 0.000000000000000000e+00 2.102877944707870483e-03
1.203203203203203131e+01 2.101122634485363960e-03 0.000000000000000000e+00 2.101122634485363960e-03
1.205205205205205132e+01 2.097849268466234207e-03 0.000000000000000000e+00 2.097849268466234207e-03
1.207207207207207134e+01 2.092115581035614014e-03 0.000000000000000000e+00 2.092115581035614014e-03
1.209209209209209135e+01 2.088294131681323051e-03 0.000000000000000000e+00 2.088294131681323051e-03
1.211211211211211136e+01 2.085635904222726822e-03 0.000000000000000000e+00 2.085635904222726822e-03
1.213213213213213137e+01 2.083744155243039131e-03 0.000000000000000000e+00 2.083744155243039131e-03
1.215215215215215139e+01 2.082082210108637810e-03 0.000000000000000000e+00 2.082082210108637810e-03
1.217217217217217140e+01 2.078882651403546333e-03 0.000000000000000000e+00 2.078882651403546333e-03
1.219219219219219141e+01 2.076157135888934135e-03 0.000000000000000000e+00 2.076157135888934135e-03
1.221221221221221143e+01 2.073873765766620636e-03 0.000000000000000000e+00 2.073873765766620636e-03
1.223223223223223144e+01 2.071677008643746376e-03 0.000000000000000000e+00 2.071677008643746376e-03
1.225225225225225145e+01 2.066862769424915314e-03 0.000000000000000000e+00 2.066862769424915314e-03
1.227227227227227146e+01 2.062318380922079086e-03 0.000000000000000000e+00 2.062318380922079086e-03
1.229229229229229148e+01 2.058911370113492012e-03 0.000000000000000000e+00 2.058911370113492012e-03
1.231231231231231149e+01 2.057987730950117111e-03 0.000000000000000000e+00 2.057987730950117111e-03
1.233233233233233150e+01 2.053881995379924774e-03 0.000000000000000000e+00 2.053881995379924774e-03
1.235235235235235152e+01 2.050112700089812279e-03 0.000000000000000000e+00 2.050112700089812279e-03
1.237237237237237153e+01 2.049494767561554909e-03 0.000000000000000000e+00 2.049494767561554909e-03
1.239239239239239154e+01 2.047576475888490677e-03 0.000000000000000000e+00 2.047576475888490677e-03
1.241241241241241156e+01 2.044702880084514618e-03 0.000000000000000000e+00 2.044702880084514618e-03
1.243243243243243157e+01 2.042918466031551361e-03 0.000000000000000000e+00 2.042918466031551361e-03
1.245245245245245158e+01 2.039870014414191246e-03 0.000000000000000000e+00 2.039870014414191246e-03
1.247247247247247159e+01 2.037181053310632706e-03 0.000000000000000000e+00 2.037181053310632706e-03
1.249249249249249161e+01 2.033104654401540756e-03 0.000000000000000000e+00 2.033104654401540756e-03
1.251251251251251162e+01 2.028172370046377182e-03 0.000000000000000000e+00 2.028172370046377182e-03
1.253253253253253163e+01 2.025770954787731171e-03 0.000000000000000000e+00 2.025770954787731171e-03
1.255255255255255165e+01 2.023164415732026100e-03 0.000000000000000000e+00 2.023164415732026100e-03
1.257257257257257166e+01 2.020151354372501373e-03 0.000000000000000000e+00 2.020151354372501373e-03
1.259259259259259167e+01 2.017336199060082436e-03 0.000000000000000000e+00 2.017336199060082436e-03
1.261261261261261168e+01 2.014769474044442177e-03 0.000000000000000000e+00 2.014769474044442177e-03
1.263263263263263170e+01 2.015016041696071625e-03 0.000000000000000000e+00 2.015016041696071625e-03
1.265265265265265171e+01 2.011766424402594566e-03 0.000000000000000000e+00 2.011766424402594566e-03
1.267267267267267172e+01 2.007418777793645859e-03 0.000000000000000000e+00 2.007418777793645859e-03
1.269269269269269174e+01 2.004722831770777702e-03 0.000000000000000000e+00 2.004722831770777702e-03
1.271271271271271175e+01 2.003501635044813156e-03 0.000000000000000000e+00 2.003501635044813156e-03
1.273273273273273176e+01 1.998284133151173592e-03 0.000000000000000000e+00 1.998284133151173592e-03
1.275275275275275177e+01 1.993967220187187195e-03 0.000000000000000000e+00 1.993967220187187195e-03
1.277277277277277179e+01 1.992078032344579697e-03 0.000000000000000000e+00 1.992078032344579697e-03
1.279279279279279180e+01 1.990104326978325844e-03 0.000000000000000000e+00 1.990104326978325844e-03
1.281281281281281181e+01 1.988574629649519920e-03 0.000000000000000000e+00 1.988574629649519920e-03
1.283283283283283360e+01 1.986958552151918411e-03 0.000000000000000000e+00 1.986958552151918411e-03
1.285285285285285362e+01 1.983221387490630150e-03 0.000000000000000000e+00 1.983221387490630150e-03
1.287287287287287363e+01 1.981295645236968994e-03 0.000000000000000000e+00 1.981295645236968994e-03
1.289289289289289364e+01 1.978595508262515068e-03 0.000000000000000000e+00 1.978595508262515068e-03
1.291291291291291365e+01 1.976437401026487350e-03 0.000000000000000000e+00 1.976437401026487350e-03
1.293293293293293367e+01 1.975372899323701859e-03 0.000000000000000000e+00 1.975372899323701859e-03
1.295295295295295368e+01 1.971306046470999718e-03 0.000000000000000000e+00 1.971306046470999718e-03
1.297297297297297369e+01 1.966466661542654037e-03 0.000000000000000000e+00 1.966466661542654037e-03
1.299299299299299371e+01 1.965671544894576073e-03 0.000000000000000000e+00 1.965671544894576073e-03
1.301301301301301372e+01 1.961712026968598366e-03 0.000000000000000000e+00 1.961712026968598366e-03
1.303303303303303373e+01 1.956508960574865341e-03 0.000000000000000000e+00 1.956508960574865341e-03
1.305305305305305374e+01 1.955013489350676537e-03 0.000000000000000000e+00 1.955013489350676537e-03
1.307307307307307376e+01 1.952371094375848770e-03 0.000000000000000000e+00 1.952371094375848770e-03
1.309309309309309377e+01 1.952992402948439121e-03 0.000000000000000000e+00 1.952992402948439121e-03
1.311311311311311378e+01 1.949552446603775024e-03 0.000000000000000000e+00 1.949552446603775024e-03
1.313313313313313380e+01 1.946848817169666290e-03 0.000000000000000000e+00 1.946848817169666290e-03
1.315315315315315381e+01 1.943176146596670151e-03 0.000000000000000000e+00 1.943176146596670151e-03
1.317317317317317382e+01 1.941122347488999367e-03 0.000000000000000000e+00 1.941122347488999367e-03
1.319319319319319384e+01 1.938199624419212341e-03 0.000000000000000000e+00 1.938199624419212341e-03
1.321321321321321385e+01 1.933446852490305901e-03 0.000000000000000000e+00 1.933446852490305901e-03
1.323323323323323386e+01 1.930972328409552574e-03 0.000000000000000000e+00 1.930972328409552574e-03
1.325325325325325387e+01 1.929000252857804298e-03 0.000000000000000000e+00 1.929000252857804298e-03
1.327327327327327389e+01 1.926175784319639206e-03 0.000000000000000000e+00 1.926175784319639206e-03
1.329329329329329390e+01 1.924675190821290016e-03 0.000000000000000000e+00 1.924675190821290016e-03
1.331331331331331391e+01 1.924241543747484684e-03 0.000000000000000000e+00 1.924241543747484684e-03
1.333333333333333393e+01 1.920738373883068562e-03 0.000000000000000000e+00 1.920738373883068562e-03
1.335335335335335394e+01 1.917114830575883389e-03 0.000000000000000000e+00 1.917114830575883389e-03
1.337337337337337395e+01 1.914538443088531494e-03 0.000000000000000000e+00 1.914538443088531494e-03
1.339339339339339396e+01 1.913644140586256981e-03 0.000000000000000000e+00 1.913644140586256981e-03
1.341341341341341398e+01 1.907182391732931137e-03 0.000000000000000000e+00 1.907182391732931137e-03
1.343343343343343399e+01 1.904807984828948975e-03 0.000000000000000000e+00 1.904807984828948975e-03
1.345345345345345400e+01 1.901262323372066021e-03 0.000000000000000000e+00 1.901262323372066021e-03
1.347347347347347402e+01 1.899212715215981007e-03 0.000000000000000000e+00 1.899212715215981007e-03
1.349349349349349403e+01 1.900088042020797729e-03 0.000000000000000000e+00 1.900088042020797729e-03
1.351351351351351404e+01 1.897460431791841984e-03 0.000000000000000000e+00 1.897460431791841984e-03
1.353353353353353405e+01 1.893377047963440418e-03 0.000000000000000000e+00 1.893377047963440418e-03
1.355355355355355407e+01 1.890288433060050011e-03 0.000000000000000000e+00 1.890288433060050011e-03
1.357357357357357408e+01 1.888655358925461769e-03 0.000000000000000000e+00 1.888655358925461769e-03
1.359359359359359409e+01 1.886546029709279537e-03 0.000000000000000000e+00 1.886546029709279537e-03
1.361361361361361411e+01 1.884604804217815399e-03 0.000000000000000000e+00 1.884604804217815399e-03
1.363363363363363412e+01 1.884873257949948311e-03 0.000000000000000000e+00 1.884873257949948311e-03
1.365365365365365413e+01 1.882378826849162579e-03 0.000000000000000000e+00 1.882378826849162579e-03
1.367367367367367414e+01 1.879569375887513161e-03 0.000000000000000000e+00 1.879569375887513161e-03
1.369369369369369416e+01 1.875427435152232647e-03 0.000000000000000000e+00 1.875427435152232647e-03
1.371371371371371417e+01 1.871778629720211029e-03 0.000000000000000000e+00 1.871778629720211029e-03
1.373373373373373418e+01 1.868566847406327724e-03 0.000000000000000000e+00 1.868566847406327724e-03
1.375375375375375420e+01 1.864503137767314911e-03 0.000000000000000000e+00 1.864503137767314911e-03
1.377377377377377421e+01 1.864376128651201725e-03 0.000000000000000000e+00 1.864376128651201725e-03
1.379379379379379422e+01 1.865629688836634159e-03 0.000000000000000000e+00 1.865629688836634159e-03
1.381381381381381424e+01 1.863365760073065758e-03 0.000000000000000000e+00 1.863365760073065758e-03
1.383383383383383425e+01 1.860340358689427376e-03 0.000000000000000000e+00 1.860340358689427376e-03
1.385385385385385426e+01 1.856889692135155201e-03 0.000000000000000000e+00 1.856889692135155201e-03
1.387387387387387427e+01 1.853573601692914963e-03 0.000000000000000000e+00 1.853573601692914963e-03
1.389389389389389429e+01 1.852428657002747059e-03 0.000000000000000000e+00 1.852428657002747059e-03
1.391391391391391430e+01 1.851956476457417011e-03 0.000000000000000000e+00 1.851956476457417011e-03
1.393393393393393431e+01 1.849090447649359703e-03 0.000000000000000000e+00 1.849090447649359703e-03
1.395395395395395433e+01 1.845358288846910000e-03 0.000000000000000000e+00 1.845358288846910000e-03
1.397397397397397434e+01 1.842735335230827332e-03 0.000000000000000000e+00 1.842735335230827332e-03
1.399399399399399435e+01 1.843083533458411694e-03 0.000000000000000000e+00 1.843083533458411694e-03
1.401401401401401436e+01 1.838927390053868294e-03 0.000000000000000000e+00 1.838927390053868294e-03
1.403403403403403438e+01 1.837372081354260445e-03 0.000000000000000000e+00 1.837372081354260445e-03
1.405405405405405439e+01 1.833422575145959854e-03 0.000000000000000000e+00 1.833422575145959854e-03
1.407407407407407440e+01 1.828125095926225185e-03 0.000000000000000000e+00 1.828125095926225185e-03
1.409409409409409442e+01 1.826075953431427479e-03 0.000000000000000000e+00 1.826075953431427479e-03
1.411411411411411443e+01 1.822887803427875042e-03 0.000000000000000000e+00 1.822887803427875042e-03
1.413413413413413444e+01 1.821633311919867992e-03 0.000000000000000000e+00 1.821633311919867992e-03
1.415415415415415445e+01 1.821326208300888538e-03 0.000000000000000000e+00 1.821326208300888538e-03
1.417417417417417447e+01 1.820661709643900394e-03 0.000000000000000000e+00 1.820661709643900394e-03
1.419419419419419448e+01 1.819374738261103630e-03 0.000000000000000000e+00 1.819374738261103630e-03
1.421421421421421449e+01 1.815174240618944168e-03 0.000000000000000000e+00 1.815174240618944168e-03
1.423423423423423451e+01 1.813103561289608479e-03 0.000000000000000000e+00 1.813103561289608479e-03
1.425425425425425452e+01 1.809530192986130714e-03 0.000000000000000000e+00 1.809530192986130714e-03
1.427427427427427453e+01 1.807289430871605873e-03 0.000000000000000000e+00 1.807289430871605873e-03
1.429429429429429455e+01 1.805150997824966908e-03 0.000000000000000000e+00 1.805150997824966908e-03
1.431431431431431456e+01 1.805161242373287678e-03 0.000000000000000000e+00 1.805161242373287678e-03
1.433433433433433457e+01 1.803253311663866043e-03 0.000000000000000000e+00 1.803253311663866043e-03
1.435435435435435458e+01 1.800771220587193966e-03 0.000000000000000000e+00 1.800771220587193966e-03
1.437437437437437460e+01 1.799113699235022068e-03 0.000000000000000000e+00 1.799113699235022068e-03
1.439439439439439461e+01 1.795273507013916969e-03 0.000000000000000000e+00 1.795273507013916969e-03
1.441441441441441462e+01 1.791091053746640682e-03 0.000000000000000000e+00 1.791091053746640682e-03
1.443443443443443464e+01 1.788852503523230553e-03 0.000000000000000000e+00 1.788852503523230553e-03
1.445445445445445465e+01 1.787171582691371441e-03 0.000000000000000000e+00 1.787171582691371441e-03
1.447447447447447466e+01 1.787247718311846256e-03 0.000000000000000000e+00 1.787247718311846256e-03
1.449449449449449467e+01 1.783946063369512558e-03 0.000000000000000000e+00 1.783946063369512558e-03
1.451451451451451469e+01 1.782614737749099731e-03 0.000000000000000000e+00 1.782614737749099731e-03
1.453453453453453470e+01 1.781541737727820873e-03 0.000000000000000000e+00 1.781541737727820873e-03
1.455455455455455471e+01 1.777513884007930756e-03 0.000000000000000000e+00 1.777513884007930756e-03
1.457457457457457473e+01 1.776178134605288506e-03 0.000000000000000000e+00 1.776178134605288506e-03
1.459459459459459474e+01 1.774888136424124241e-03 0.000000000000000000e+00 1.774888136424124241e-03
1.461461461461461475e+01 1.771861803717911243e-03 0.000000000000000000e+00 1.771861803717911243e-03
1.463463463463463476e+01 1.771435723640024662e-03 0.000000000000000000e+00 1.771435723640024662e-03
1.465465465465465478e+01 1.769139897078275681e-03 0.000000000000000000e+00 1.769139897078275681e-03
1.467467467467467479e+01 1.765563734807074070e-03 0.000000000000000000e+00 1.765563734807074070e-03
1.469469469469469480e+01 1.763132167980074883e-03 0.000000000000000000e+00 1.763132167980074883e-03
1.471471471471471482e+01 1.762081752531230450e-03 0.000000000000000000e+00 1.762081752531230450e-03
1.473473473473473483e+01 1.758456230163574219e-03 0.000000000000000000e+00 1.758456230163574219e-03
1.475475475475475484e+01 1.758337370119988918e-03 0.000000000000000000e+00 1.758337370119988918e-03
1.477477477477477485e+01 1.757118850946426392e-03 0.000000000000000000e+00 1.757118850946426392e-03
1.479479479479479487e+01 1.751100411638617516e-03 0.000000000000000000e+00 1.751100411638617516e-03
1.481481481481481488e+01 1.749133458361029625e-03 0.000000000000000000e+00 1.749133458361029625e-03
1.483483483483483489e+01 1.746463007293641567e-03 0.000000000000000000e+00 1.746463007293641567e-03
1.485485485485485491e+01 1.744264271110296249e-03 0.000000000000000000e+00 1.744264271110296249e-03
1.487487487487487492e+01 1.742801629006862640e-03 0.000000000000000000e+00 1.742801629006862640e-03
1.489489489489489493e+01 1.740492298267781734e-03 0.000000000000000000e+00 1.740492298267781734e-03
1.491491491491491495e+01 1.740708714351058006e-03 0.000000000000000000e+00 1.740708714351058006e-03
1.493493493493493496e+01 1.739187864586710930e-03 0.000000000000000000e+00 1.739187864586710930e-03
1.495495495495495497e+01 1.737914630211889744e-03 0.000000000000000000e+00 1.737914630211889744e-03
1.497497497497497498e+01 1.734723919071257114e-03 0.000000000000000000e+00 1.734723919071257114e-03
1.499499499499499500e+01 1.733670593239367008e-03 0.000000000000000000e+00 1.733670593239367008e-03
1.501501501501501501e+01 1.730710268020629883e-03 0.000000000000000000e+00 1.730710268020629883e-03
1.503503503503503502e+01 1.728458330035209656e-03 0.000000000000000000e+00 1.728458330035209656e-03
1.505505505505505504e+01 1.725042006000876427e-03 0.000000000000000000e+00 1.725042006000876427e-03
1.507507507507507505e+01 1.723062247037887573e-03 0.000000000000000000e+00 1.723062247037887573e-03
1.509509509509509506e+01 1.722834887914359570e-03 0.000000000000000000e+00 1.722834887914359570e-03
1.511511511511511507e+01 1.723591121844947338e-03 0.000000000000000000e+00 1.723591121844947338e-03
1.513513513513513509e+01 1.721391105093061924e-03 0.000000000000000000e+00 1.721391105093061924e-03
1.515515515515515510e+01 1.717833569273352623e-03 0.000000000000000000e+00 1.717833569273352623e-03
1.517517517517517511e+01 1.714393845759332180e-03 0.000000000000000000e+00 1.714393845759332180e-03
1.519519519519519513e+01 1.713852630928158760e-03 0.000000000000000000e+00 1.713852630928158760e-03
1.521521521521521514e+01 1.711504068225622177e-03 0.000000000000000000e+00 1.711504068225622177e-03
1.523523523523523515e+01 1.706845243461430073e-03 0.000000000000000000e+00 1.706845243461430073e-03
1.525525525525525516e+01 1.703653368167579174e-03 0.000000000000000000e+00 1.703653368167579174e-03
1.527527527527527518e+01 1.702538342215120792e-03 0.000000000000000000e+00 1.702538342215120792e-03
1.529529529529529519e+01 1.703134039416909218e-03 0.000000000000000000e+00 1.703134039416909218e-03
1.531531531531531520e+01 1.697640516795217991e-03 0.000000000000000000e+00 1.697640516795217991e-03
1.533533533533533522e+01 1.696269260719418526e-03 0.000000000000000000e+00 1.696269260719418526e-03
1.535535535535535523e+01 1.698219683021306992e-03 0.000000000000000000e+00 1.698219683021306992e-03
1.537537537537537524e+01 1.697675324976444244e-03 0.000000000000000000e+00 1.697675324976444244e-03
1.539539539539539525e+01 1.695446786470711231e-03 0.000000000000000000e+00 1.695446786470711231e-03
1.541541541541541527e+01 1.690295292064547539e-03 0.000000000000000000e+00 1.690295292064547539e-03
1.543543543543543528e+01 1.688655000180006027e-03 0.000000000000000000e+00 1.688655000180006027e-03
1.545545545545545529e+01 1.687731593847274780e-03 0.000000000000000000e+00 1.687731593847274780e-03
1.547547547547547531e+01 1.682605245150625706e-03 0.000000000000000000e+00 1.682605245150625706e-03
1.549549549549549532e+01 1.680374145507812500e-03 0.000000000000000000e+00 1.680374145507812500e-03
1.551551551551551533e+01 1.677321270108222961e-03 0.000000000000000000e+00 1.677321270108222961e-03
1.553553553553553535e+01 1.676407759077847004e-03 0.000000000000000000e+00 1.676407759077847004e-03
1.555555555555555536e+01 1.675717066973447800e-03 0.000000000000000000e+00 1.675717066973447800e-03
1.557557557557557537e+01 1.678066095337271690e-03 0.000000000000000000e+00 1.678066095337271690e-03
1.559559559559559538e+01 1.675266888923943043e-03 0.000000000000000000e+00 1.675266888923943043e-03
1.561561561561561540e+01 1.674305414780974388e-03 0.000000000000000000e+00 1.674305414780974388e-03
1.563563563563563541e+01 1.670821453444659710e-03 0.000000000000000000e+00 1.670821453444659710e-03
1.565565565565565542e+01 1.668559620156884193e-03 0.000000000000000000e+00 1.668559620156884193e-03
1.567567567567567544e+01 1.664661220274865627e-03 0.000000000000000000e+00 1.664661220274865627e-03
1.569569569569569545e+01 1.664204522967338562e-03 0.000000000000000000e+00 1.664204522967338562e-03
1.571571571571571546e+01 1.664194976910948753e-03 0.000000000000000000e+00 1.664194976910948753e-03
1.573573573573573547e+01 1.662371447309851646e-03 0.000000000000000000e+00 1.662371447309851646e-03
1.575575575575575549e+01 1.661642221733927727e-03 0.000000000000000000e+00 1.661642221733927727e-03
1.577577577577577550e+01 1.658467459492385387e-03 0.000000000000000000e+00 1.658467459492385387e-03
1.579579579579579551e+01 1.653368584811687469e-03 0.000000000000000000e+00 1.653368584811687469e-03
1.581581581581581553e+01 1.653746585361659527e-03 0.000000000000000000e+00 1.653746585361659527e-03
1.583583583583583554e+01 1.651015016250312328e-03 0.000000000000000000e+00 1.651015016250312328e-03
1.585585585585585555e+01 1.648982637561857700e-03 0.000000000000000000e+00 1.648982637561857700e-03
1.587587587587587556e+01 1.651331083849072456e-03 0.000000000000000000e+00 1.651331083849072456e-03
1.589589589589589558e+01 1.648877398110926151e-03 0.000000000000000000e+00 1.648877398110926151e-03
1.591591591591591559e+01 1.644822419621050358e-03 0.000000000000000000e+00 1.644822419621050358e-03
1.593593593593593560e+01 1.640249742195010185e-03 0.000000000000000000e+00 1.640249742195010185e-03
1.595595595595595562e+01 1.641639741137623787e-03 0.000000000000000000e+00 1.641639741137623787e-03
1.597597597597597563e+01 1.638214336708188057e-03 0.000000000000000000e+00 1.638214336708188057e-03
1.599599599599599564e+01 1.637673703953623772e-03 0.000000000000000000e+00 1.637673703953623772e-03
1.601601601601601743e+01 1.633092062547802925e-03 0.000000000000000000e+00 1.633092062547802925e-03
1.603603603603603744e+01 1.631710096262395382e-03 0.000000000000000000e+00 1.631710096262395382e-03
1.605605605605605746e+01 1.633148174732923508e-03 0.000000000000000000e+00 1.633148174732923508e-03
1.607607607607607747e+01 1.630214275792241096e-03 0.000000000000000000e+00 1.630214275792241096e-03
1.609609609609609748e+01 1.630025566555559635e-03 0.000000000000000000e+00 1.630025566555559635e-03
1.611611611611611750e+01 1.628076657652854919e-03 0.000000000000000000e+00 1.628076657652854919e-03
1.613613613613613751e+01 1.624597469344735146e-03 0.000000000000000000e+00 1.624597469344735146e-03
1.615615615615615752e+01 1.621838076971471310e-03 0.000000000000000000e+00 1.621838076971471310e-03
1.617617617617617753e+01 1.622060663066804409e-03 0.000000000000000000e+00 1.622060663066804409e-03
1.619619619619619755e+01 1.619364833459258080e-03 0.000000000000000000e+00 1.619364833459258080e-03
1.621621621621621756e+01 1.617498695850372314e-03 0.000000000000000000e+00 1.617498695850372314e-03
1.623623623623623757e+01 1.615613349713385105e-03 0.000000000000000000e+00 1.615613349713385105e-03
1.625625625625625759e+01 1.612378051504492760e-03 0.000000000000000000e+00 1.612378051504492760e-03
1.627627627627627760e+01 1.609575701877474785e-03 0.000000000000000000e+00 1.609575701877474785e-03
1.629629629629629761e+01 1.609650906175374985e-03 0.000000000000000000e+00 1.609650906175374985e-03
1.631631631631631763e+01 1.609575003385543823e-03 0.000000000000000000e+00 1.609575003385543823e-03
1.633633633633633764e+01 1.609183149412274361e-03 0.000000000000000000e+00 1.609183149412274361e-03
1.635635635635635765e+01 1.603525015525519848e-03 0.000000000000000000e+00 1.603525015525519848e-03
1.637637637637637766e+01 1.601930707693099976e-03 0.000000000000000000e+00 1.601930707693099976e-03
1.639639639639639768e+01 1.601468073204159737e-03 0.000000000000000000e+00 1.601468073204159737e-03
1.641641641641641769e+01 1.599192735739052296e-03 0.000000000000000000e+00 1.599192735739052296e-03
1.643643643643643770e+01 1.598371658474206924e-03 0.000000000000000000e+00 1.598371658474206924e-03
1.645645645645645772e+01 1.597091904841363430e-03 0.000000000000000000e+00 1.597091904841363430e-03
1.647647647647647773e+01 1.596185960806906223e-03 0.000000000000000000e+00 1.596185960806906223e-03
1.649649649649649774e+01 1.595434034243226051e-03 0.000000000000000000e+00 1.595434034243226051e-03
1.651651651651651775e+01 1.591141801327466965e-03 0.000000000000000000e+00 1.591141801327466965e-03
1.653653653653653777e+01 1.589998952113091946e-03 0.000000000000000000e+00 1.589998952113091946e-03
1.655655655655655778e+01 1.589626306667923927e-03 0.000000000000000000e+00 1.589626306667923927e-03
1.657657657657657779e+01 1.586855156347155571e-03 0.000000000000000000e+00 1.586855156347155571e-03
1.659659659659659781e+01 1.586960279382765293e-03 0.000000000000000000e+00 1.586960279382765293e-03
1.661661661661661782e+01 1.582645578309893608e-03 0.000000000000000000e+00 1.582645578309893608e-03
1.663663663663663783e+01 1.580127514898777008e-03 0.000000000000000000e+00 1.580127514898777008e-03
1.665665665665665784e+01 1.579040894284844398e-03 0.000000000000000000e+00 1.579040894284844398e-03
1.667667667667667786e+01 1.580129610374569893e-03 0.000000000000000000e+00 1.580129610374569893e-03
1.669669669669669787e+01 1.574885100126266479e-03 0.000000000000000000e+00 1.574885100126266479e-03
1.671671671671671788e+01 1.573028974235057831e-03 0.000000000000000000e+00 1.573028974235057831e-03
1.673673673673673790e+01 1.572476699948310852e-03 0.000000000000000000e+00 1.572476699948310852e-03
1.675675675675675791e+01 1.570563646964728832e-03 0.000000000000000000e+00 1.570563646964728832e-03
1.677677677677677792e+01 1.570164109580218792e-03 0.000000000000000000e+00 1.570164109580218792e-03
1.679679679679679793e+01 1.569146174006164074e-03 0.000000000000000000e+00 1.569146174006164074e-03
1.681681681681681795e+01 1.567939994856715202e-03 0.000000000000000000e+00 1.567939994856715202e-03
1.683683683683683796e+01 1.568426378071308136e-03 0.000000000000000000e+00 1.568426378071308136e-03
1.685685685685685797e+01 1.564071979373693466e-03 0.000000000000000000e+00 1.564071979373693466e-03
1.687687687687687799e+01 1.563568366691470146e-03 0.000000000000000000e+00 1.563568366691470146e-03
1.689689689689689800e+01 1.563177211210131645e-03 0.000000000000000000e+00 1.563177211210131645e-03
1.691691691691691801e+01 1.560747972689568996e-03 0.000000000000000000e+00 1.560747972689568996e-03
1.693693693693693803e+01 1.557986252009868622e-03 0.000000000000000000e+00 1.557986252009868622e-03
1.695695695695695804e+01 1.551744062453508377e-03 0.000000000000000000e+00 1.551744062453508377e-03
1.697697697697697805e+01 1.550968503579497337e-03 0.000000000000000000e+00 1.550968503579497337e-03
1.699699699699699806e+01 1.552122761495411396e-03 0.000000000000000000e+00 1.552122761495411396e-03
1.701701701701701808e+01 1.550972228869795799e-03 0.000000000000000000e+00 1.550972228869795799e-03
1.703703703703703809e+01 1.549289096146821976e-03 0.000000000000000000e+00 1.549289096146821976e-03
1.705705705705705810e+01 1.545356004498898983e-03 0.000000000000000000e+00 1.545356004498898983e-03
1.707707707707707812e+01 1.544666127301752567e-03 0.000000000000000000e+00 1.544666127301752567e-03
1.709709709709709813e+01 1.543897204101085663e-03 0.000000000000000000e+00 1.543897204101085663e-03
1.711711711711711814e+01 1.543498598039150238e-03 0.000000000000000000e+00 1.543498598039150238e-03
1.713713713713713815e+01 1.544825034216046333e-03 0.000000000000000000e+00 1.544825034216046333e-03
1.715715715715715817e+01 1.543720602057874203e-03 0.000000000000000000e+00 1.543720602057874203e-03
1.717717717717717818e+01 1.539861666969954967e-03 0.000000000000000000e+00 1.539861666969954967e-03
1.719719719719719819e+01 1.537089352495968342e-03 0.000000000000000000e+00 1.537089352495968342e-03
1.721721721721721821e+01 1.532251015305519104e-03 0.000000000000000000e+00 1.532251015305519104e-03
1.723723723723723822e+01 1.531953108496963978e-03 0.000000000000000000e+00 1.531953108496963978e-03
1.725725725725725823e+01 1.531127607449889183e-03 0.000000000000000000e+00 1.531127607449889183e-03
1.727727727727727824e+01 1.529571833088994026e-03 0.000000000000000000e+00 1.529571833088994026e-03
1.729729729729729826e+01 1.529039000160992146e-03 0.000000000000000000e+00 1.529039000160992146e-03
1.731731731731731827e+01 1.525718136690557003e-03 0.000000000000000000e+00 1.525718136690557003e-03
1.733733733733733828e+01 1.523832208476960659e-03 0.000000000000000000e+00 1.523832208476960659e-03
1.735735735735735830e+01 1.524865045212209225e-03 0.000000000000000000e+00 1.524865045212209225e-03
1.737737737737737831e+01 1.521053258329629898e-03 0.000000000000000000e+00 1.521053258329629898e-03
1.739739739739739832e+01 1.521765138022601604e-03 0.000000000000000000e+00 1.521765138022601604e-03
1.741741741741741833e+01 1.521424273960292339e-03 0.000000000000000000e+00 1.521424273960292339e-03
1.743743743743743835e+01 1.519751269370317459e-03 0.000000000000000000e+00 1.519751269370317459e-03
1.745745745745745836e+01 1.518319128081202507e-03 0.000000000000000000e+00 1.518319128081202507e-03
1.747747747747747837e+01 1.515481271781027317e-03 0.000000000000000000e+00 1.515481271781027317e-03
1.749749749749749839e+01 1.513235736638307571e-03 0.000000000000000000e+00 1.513235736638307571e-03
1.751751751751751840e+01 1.511930837295949459e-03 0.000000000000000000e+00 1.511930837295949459e-03
1.753753753753753841e+01 1.511611510068178177e-03 0.000000000000000000e+00 1.511611510068178177e-03
1.755755755755755843e+01 1.511877402663230896e-03 0.000000000000000000e+00 1.511877402663230896e-03
1.757757757757757844e+01 1.510977861471474171e-03 0.000000000000000000e+00 1.510977861471474171e-03
1.759759759759759845e+01 1.506115309894084930e-03 0.000000000000000000e+00 1.506115309894084930e-03
1.761761761761761846e+01 1.505245105363428593e-03 0.000000000000000000e+00 1.505245105363428593e-03
1.763763763763763848e+01 1.502025872468948364e-03 0.000000000000000000e+00 1.502025872468948364e-03
1.765765765765765849e+01 1.501612365245819092e-03 0.000000000000000000e+00 1.501612365245819092e-03
1.767767767767767850e+01 1.500207232311367989e-03 0.000000000000000000e+00 1.500207232311367989e-03
1.769769769769769852e+01 1.497227000072598457e-03 0.000000000000000000e+00 1.497227000072598457e-03
1.771771771771771853e+01 1.499177189543843269e-03 0.000000000000000000e+00 1.499177189543843269e-03
1.773773773773773854e+01 1.496436190791428089e-03 0.000000000000000000e+00 1.496436190791428089e-03
1.775775775775775855e+01 1.496573211625218391e-03 0.000000000000000000e+00 1.496573211625218391e-03
1.777777777777777857e+01 1.493017654865980148e-03 0.000000000000000000e+00 1.493017654865980148e-03
1.779779779779779858e+01 1.491883303970098495e-03 0.000000000000000000e+00 1.491883303970098495e-03
1.781781781781781859e+01 1.490926835685968399e-03 0.000000000000000000e+00 1.490926835685968399e-03
1.783783783783783861e+01 1.488583744503557682e-03 0.000000000000000000e+00 1.488583744503557682e-03
1.785785785785785862e+01 1.486550667323172092e-03 0.000000000000000000e+00 1.486550667323172092e-03
1.787787787787787863e+01 1.483576605096459389e-03 0.000000000000000000e+00 1.483576605096459389e-03
1.789789789789789864e+01 1.484202453866600990e-03 0.000000000000000000e+00 1.484202453866600990e-03
1.791791791791791866e+01 1.482569146901369095e-03 0.000000000000000000e+00 1.482569146901369095e-03
1.793793793793793867e+01 1.480968436226248741e-03 0.000000000000000000e+00 1.480968436226248741e-03
1.795795795795795868e+01 1.483278349041938782e-03 0.000000000000000000e+00 1.483278349041938782e-03
1.797797797797797870e+01 1.480706734582781792e-03 0.000000000000000000e+00 1.480706734582781792e-03
1.799799799799799871e+01 1.475382363423705101e-03 0.000000000000000000e+00 1.475382363423705101e-03
1.801801801801801872e+01 1.473992480896413326e-03 0.000000000000000000e+00 1.473992480896413326e-03
1.803803803803803874e+01 1.475696684792637825e-03 0.000000000000000000e+00 1.475696684792637825e-03
1.805805805805805875e+01 1.474708435125648975e-03 0.000000000000000000e+00 1.474708435125648975e-03
1.807807807807807876e+01 1.472484786063432693e-03 0.000000000000000000e+00 1.472484786063432693e-03
1.809809809809809877e+01 1.470766845159232616e-03 0.000000000000000000e+00 1.470766845159232616e-03
1.811811811811811879e+01 1.468832488171756268e-03 0.000000000000000000e+00 1.468832488171756268e-03
1.813813813813813880e+01 1.466060872189700603e-03 0.000000000000000000e+00 1.466060872189700603e-03
1.815815815815815881e+01 1.465789042413234711e-03 0.000000000000000000e+00 1.465789042413234711e-03
1.817817817817817883e+01 1.464987522922456264e-03 0.000000000000000000e+00 1.464987522922456264e-03
1.819819819819819884e+01 1.463908702135086060e-03 0.000000000000000000e+00 1.463908702135086060e-03
1.821821821821821885e+01 1.463702064938843250e-03 0.000000000000000000e+00 1.463702064938843250e-03
1.823823823823823886e+01 1.459798309952020645e-03 0.000000000000000000e+00 1.459798309952020645e-03
1.825825825825825888e+01 1.456384779885411263e-03 0.000000000000000000e+00 1.456384779885411263e-03
1.827827827827827889e+01 1.455324236303567886e-03 0.000000000000000000e+00 1.455324236303567886e-03
1.829829829829829890e+01 1.454690354876220226e-03 0.000000000000000000e+00 1.454690354876220226e-03
1.831831831831831892e+01 1.452976022846996784e-03 0.000000000000000000e+00 1.452976022846996784e-03
1.833833833833833893e+01 1.451054122298955917e-03 0.000000000000000000e+00 1.451054122298955917e-03
1.835835835835835894e+01 1.446816138923168182e-03 0.000000000000000000e+00 1.446816138923168182e-03
1.837837837837837895e+01 1.445468398742377758e-03 0.000000000000000000e+00 1.445468398742377758e-03
1.839839839839839897e+01 1.447888789698481560e-03 0.000000000000000000e+00 1.447888789698481560e-03
1.841841841841841898e+01 1.447436166927218437e-03 0.000000000000000000e+00 1.447436166927218437e-03
1.843843843843843899e+01 1.445728121325373650e-03 0.000000000000000000e+00 1.445728121325373650e-03
1.845845845845845901e+01 1.444877008907496929e-03 0.000000000000000000e+00 1.444877008907496929e-03
1.847847847847847902e+01 1.443028217181563377e-03 0.000000000000000000e+00 1.443028217181563377e-03
1.849849849849849903e+01 1.439841929823160172e-03 0.000000000000000000e+00 1.439841929823160172e-03
1.851851851851851904e+01 1.439035520888864994e-03 0.000000000000000000e+00 1.439035520888864994e-03
1.853853853853853906e+01 1.437569502741098404e-03 0.000000000000000000e+00 1.437569502741098404e-03
1.855855855855855907e+01 1.435957849025726318e-03 0.000000000000000000e+00 1.435957849025726318e-03
1.857857857857857908e+01 1.439300249330699444e-03 0.000000000000000000e+00 1.439300249330699444e-03
1.859859859859859910e+01 1.436935272067785263e-03 0.000000000000000000e+00 1.436935272067785263e-03
1.861861861861861911e+01 1.433370867744088173e-03 0.000000000000000000e+00 1.433370867744088173e-03
1.863863863863863912e+01 1.432642689906060696e-03 0.000000000000000000e+00 1.432642689906060696e-03
1.865865865865865914e+01 1.430400414392352104e-03 0.000000000000000000e+00 1.430400414392352104e-03
1.867867867867867915e+01 1.429593539796769619e-03 0.000000000000000000e+00 1.429593539796769619e-03
1.869869869869869916e+01 1.425548223778605461e-03 0.000000000000000000e+00 1.425548223778605461e-03
1.871871871871871917e+01 1.427876064553856850e-03 0.000000000000000000e+00 1.427876064553856850e-03
1.873873873873873919e+01 1.428965828381478786e-03 0.000000000000000000e+00 1.428965828381478786e-03
1.875875875875875920e+01 1.425138092599809170e-03 0.000000000000000000e+00 1.425138092599809170e-03
1.877877877877877921e+01 1.421257504262030125e-03 0.000000000000000000e+00 1.421257504262030125e-03
1.879879879879879923e+01 1.421058550477027893e-03 0.000000000000000000e+00 1.421058550477027893e-03
1.881881881881881924e+01 1.421309076249599457e-03 0.000000000000000000e+00 1.421309076249599457e-03
1.883883883883883925e+01 1.420057378709316254e-03 0.000000000000000000e+00 1.420057378709316254e-03
1.885885885885885926e+01 1.415123813785612583e-03 0.000000000000000000e+00 1.415123813785612583e-03
1.887887887887887928e+01 1.416259678080677986e-03 0.000000000000000000e+00 1.416259678080677986e-03
1.889889889889889929e+01 1.413166755810379982e-03 0.000000000000000000e+00 1.413166755810379982e-03
1.891891891891891930e+01 1.408041687682271004e-03 0.000000000000000000e+00 1.408041687682271004e-03
1.893893893893893932e+01 1.410156837664544582e-03 0.000000000000000000e+00 1.410156837664544582e-03
1.895895895895895933e+01 1.409971970133483410e-03 0.000000000000000000e+00 1.409971970133483410e-03
1.897897897897897934e+01 1.407558098435401917e-03 0.000000000000000000e+00 1.407558098435401917e-03
1.899899899899899935e+01 1.405949355103075504e-03 0.000000000000000000e+00 1.405949355103075504e-03
1.901901901901901937e+01 1.404248760081827641e-03 0.000000000000000000e+00 1.404248760081827641e-03
1.903903903903903938e+01 1.402649097144603729e-03 0.000000000000000000e+00 1.402649097144603729e-03
1.905905905905905939e+01 1.400501350872218609e-03 0.000000000000000000e+00 1.400501350872218609e-03
1.907907907907907941e+01 1.402045716531574726e-03 0.000000000000000000e+00 1.402045716531574726e-03
1.909909909909909942e+01 1.403509522788226604e-03 0.000000000000000000e+00 1.403509522788226604e-03
1.911911911911911943e+01 1.399091910570859909e-03 0.000000000000000000e+00 1.399091910570859909e-03
1.913913913913913944e+01 1.398404012434184551e-03 0.000000000000000000e+00 1.398404012434184551e-03
1.915915915915915946e+01 1.394979888573288918e-03 0.000000000000000000e+00 1.394979888573288918e-03
1.917917917917917947e+01 1.397030893713235855e-03 0.000000000000000000e+00 1.397030893713235855e-03
1.919919919919919948e+01 1.396695850417017937e-03 0.000000000000000000e+00 1.396695850417017937e-03
1.921921921921921950e+01 1.396222971379756927e-03 0.000000000000000000e+00 1.396222971379756927e-03
1.923923923923923951e+01 1.394761842675507069e-03 0.000000000000000000e+00 1.394761842675507069e-03
1.925925925925925952e+01 1.393495593219995499e-03 0.000000000000000000e+00 1.393495593219995499e-03
1.927927927927927954e+01 1.388819655403494835e-03 0.000000000000000000e+00 1.388819655403494835e-03
1.929929929929929955e+01 1.386504736728966236e-03 0.000000000000000000e+00 1.386504736728966236e-03
1.931931931931931956e+01 1.386129995808005333e-03 0.000000000000000000e+00 1.386129995808005333e-03
1.933933933933933957e+01 1.385047449730336666e-03 0.000000000000000000e+00 1.385047449730336666e-03
1.935935935935935959e+01 1.385005773045122623e-03 0.000000000000000000e+00 1.385005773045122623e-03
1.937937937937937960e+01 1.386167714372277260e-03 0.000000000000000000e+00 1.386167714372277260e-03
1.939939939939939961e+01 1.382135902531445026e-03 0.000000000000000000e+00 1.382135902531445026e-03
1.941941941941941963e+01 1.380586531013250351e-03 0.000000000000000000e+00 1.380586531013250351e-03
1.943943943943943964e+01 1.378605025820434093e-03 0.000000000000000000e+00 1.378605025820434093e-03
1.945945945945945965e+01 1.376110827550292015e-03 0.000000000000000000e+00 1.376110827550292015e-03
1.947947947947947966e+01 1.377833308652043343e-03 0.000000000000000000e+00 1.377833308652043343e-03
1.949949949949949968e+01 1.376927481032907963e-03 0.000000000000000000e+00 1.376927481032907963e-03
1.951951951951951969e+01 1.377436798065900803e-03 0.000000000000000000e+00 1.377436798065900803e-03
1.953953953953953970e+01 1.377578591927886009e-03 0.000000000000000000e+00 1.377578591927886009e-03
1.955955955955955972e+01 1.372369355522096157e-03 0.000000000000000000e+00 1.372369355522096157e-03
1.957957957957957973e+01 1.371781458146870136e-03 0.000000000000000000e+00 1.371781458146870136e-03
1.959959959959959974e+01 1.368303317576646805e-03 0.000000000000000000e+00 1.368303317576646805e-03
1.961961961961961975e+01 1.367132179439067841e-03 0.000000000000000000e+00 1.367132179439067841e-03
1.963963963963963977e+01 1.369381439872086048e-03 0.000000000000000000e+00 1.369381439872086048e-03
1.965965965965965978e+01 1.365737523883581161e-03 0.000000000000000000e+00 1.365737523883581161e-03
1.967967967967967979e+01 1.367200282402336597e-03 0.000000000000000000e+00 1.367200282402336597e-03
1.969969969969969981e+01 1.362850307486951351e-03 0.000000000000000000e+00 1.362850307486951351e-03
1.971971971971971982e+01 1.359511166810989380e-03 0.000000000000000000e+00 1.359511166810989380e-03
1.973973973973973983e+01 1.357858418487012386e-03 0.000000000000000000e+00 1.357858418487012386e-03
1.975975975975975985e+01 1.358000095933675766e-03 0.000000000000000000e+00 1.358000095933675766e-03
1.977977977977977986e+01 1.359150279313325882e-03 0.000000000000000000e+00 1.359150279313325882e-03
1.979979979979979987e+01 1.358122215606272221e-03 0.000000000000000000e+00 1.358122215606272221e-03
1.981981981981981988e+01 1.356071559712290764e-03 0.000000000000000000e+00 1.356071559712290764e-03
1.983983983983983990e+01 1.352482941001653671e-03 0.000000000000000000e+00 1.352482941001653671e-03
1.985985985985985991e+01 1.355900312773883343e-03 0.000000000000000000e+00 1.355900312773883343e-03
1.987987987987987992e+01 1.352199353277683258e-03 0.000000000000000000e+00 1.352199353277683258e-03
1.989989989989989994e+01 1.352495164610445499e-03 0.000000000000000000e+00 1.352495164610445499e-03
1.991991991991991995e+01 1.349170459434390068e-03 0.000000000000000000e+00 1.349170459434390068e-03
1.993993993993993996e+01 1.345884869806468487e-03 0.000000000000000000e+00 1.345884869806468487e-03
1.995995995995995997e+01 1.346676493994891644e-03 0.000000000000000000e+00 1.346676493994891644e-03
1.997997997997997999e+01 1.347192446701228619e-03 0.000000000000000000e+00 1.347192446701228619e-03
2.000000000000000000e+01 1.341310213319957256e-03 0.000000000000000000e+00 1.341310213319957256e-03
